#Genus	Species	Voucher/Isolate/Strain ID	Genbank accession
Achlya	Achlya ambisexualis	CBS10150	HQ643083.1
Achlya	Achlya ambisexualis	CBS38379	HQ643082.1
Achlya	Achlya americana	CBS10052	HQ643084.1
Achlya	Achlya aquatica	CBS10367	HQ643085.1
Achlya	Achlya bisexualis	CBS10042	HQ643088.1
Achlya	Achlya bisexualis	CBS10262	HQ643087.1
Achlya	Achlya bisexualis	CBS10350	HQ643086.1
Achlya	Achlya caroliniana	CBS54467	HQ643089.1
Achlya	Achlya colorata	CBS10237	HQ643091.1
Achlya	Achlya colorata	CBS54567	HQ643090.1
Achlya	Achlya conspicua	CBS10337	HQ643092.1
Achlya	Achlya dubia	CBS10138	HQ643094.1
Achlya	Achlya dubia	CBS54667	HQ643093.1
Achlya	Achlya flagellata	CBS10437	HQ643097.1
Achlya	Achlya flagellata	CBS10735	HQ643096.1
Achlya	Achlya flagellata	CBS52867	HQ643095.1
Achlya	Achlya glomerata	CBS10550	HQ643098.1
Achlya	Achlya heterosexualis	CBS41965	HQ643100.1
Achlya	Achlya heterosexualis	CBS42065	HQ643099.1
Achlya	Achlya oligacantha	CBS10144	HQ643101.1
Achlya	Achlya papillosa	CBS10152	HQ643102.1
Achlya	Achlya racemosa	CBS10338	HQ643105.1
Achlya	Achlya racemosa	CBS54167	HQ643104.1
Achlya	Achlya racemosa	CBS57867	HQ643103.1
Achlya	Achlya radiosa	CBS54767	HQ643106.1
Achlya	Achlya recurva	CBS10850	HQ643107.1
Achlya	Achlya sparrowii	CBS10249	HQ643108.1
Achlya	Achlya spinosa	CBS57667	HQ643109.1
Albugo	Albugo candida	AC2V	HQ643111.1
Albugo	Albugo candida	AC7A	HQ643110.1
Aphanomyces	Aphanomyces cladogamus	BR693	HQ643114.1
Aphanomyces	Aphanomyces cladogamus	CBS10829	HQ643113.1
Aphanomyces	Aphanomyces cladogamus	CBS69079	HQ643112.1
Aphanomyces	Aphanomyces cochlioides	CBS47771	HQ643115.1
Aphanomyces	Aphanomyces euteiches	BR694	HQ643120.1
Aphanomyces	Aphanomyces euteiches	CBS15473	HQ643119.1
Aphanomyces	Aphanomyces euteiches	CBS15573	HQ643118.1
Aphanomyces	Aphanomyces euteiches	CBS15673	HQ643117.1
Aphanomyces	Aphanomyces euteiches	CBS15773	HQ643116.1
Aphanomyces	Aphanomyces iridis	CBS52487	HQ643121.1
Aphanomyces	Aphanomyces laevis	CBS47871	HQ643122.1
Aphanomyces	Aphanomyces sp. CBS58385	-	HQ643123.1
Apodachlya	Apodachlya brachynema	CBS18482	HQ643124.1
Apodachlya	Apodachlya brachynema	CBS55769	HQ643125.1
Apodachlya	Apodachlya minima	CBS18582	HQ643126.1
Basidiophora	Basidiophora entospora	H. Voglmayr H.V.122 (WU)	EF553487.2
Brevilegnia	Brevilegnia gracilis	CBS13137	HQ643127.1
Brevilegnia	Brevilegnia macrospora	CBS13237	HQ643128.1
Brevilegnia	Brevilegnia unisperma var. delica	CBS14352	HQ643129.1
Brevilegnia	Brevilegnia variabilis	CBS110006	HQ643130.1
Eurychasma	Eurychasma dicksonii	FI373	HQ643131.1
Halophytophthora	Halophytophthora avicenniae	CBS18885	HQ643147.1
Halophytophthora	Halophytophthora epistomium	CBS59085	HQ643220.1
Halophytophthora	Halophytophthora exoprolifera	CBS25293	HQ643132.1
Halophytophthora	Halophytophthora polymorphica	CBS68084	HQ643313.1
Halophytophthora	Hyaloperonospora nesliae	HV 203	AY198250.3
Halophytophthora	Hyaloperonospora sisymbrii-sophiae	HV 276	AY198253.3
Lagenidium	Lagenidium caudatum	CBS58485	HQ643136.1
Lagenidium	Lagenidium giganteum	36492	AY151183.1
Leptolegnia	Leptolegnia CAL-2011b	CBS58285	HQ643138.1
Leptolegnia	Leptolegnia caudata	CBS68069	HQ643137.1
Peronospora	Peronospora aparines	HV 97	AY198300.3
Peronospora	Peronospora calotheca	HV 81	AY198298.3
Peronospora	Peronospora conglomerata	HV 26	AY198246.3
Peronospora	Peronospora radii	HV 22	AY198296.3
Peronospora	Peronospora sherardiae	HV 211	AY198301.3
Peronospora	Peronospora valerianellae	HV 41	AY198293.3
Peronospora	Peronospora violae	HV 34	AY198240.3
Phytophthora	Phytophthora acerina	-	JX951285.1
Phytophthora	Phytophthora aff. botryosa	CBS23530	HQ643140.1
Phytophthora	Phytophthora aff. botryosa	CBS23828	HQ643139.1
Phytophthora	Phytophthora aff. infestans	P13660	HQ261491.1
Phytophthora	Phytophthora aff. primulae	P6817	HQ261492.1
Phytophthora	Phytophthora aff. rosacearum	P10678	HQ261493.1
Phytophthora	Phytophthora aff. sansomeana	CBS95787	HQ643141.1
Phytophthora	Phytophthora agathidicida	-	KP295314.1
Phytophthora	Phytophthora alni	IMI392314	GU993881.1
Phytophthora	Phytophthora alni subsp. alni	-	AY689131.1
Phytophthora	Phytophthora alni subsp. multiformis	-	AY689136.1
Phytophthora	Phytophthora alni subsp. uniformis	-	AY689134.1
Phytophthora	Phytophthora alni subsp. uniformis	-	AF139367.1
Phytophthora	Phytophthora alni	CBS117375	HQ643143.1
Phytophthora	Phytophthora alni	CBS117376	HQ643142.1
Phytophthora	Phytophthora alni	P10564	HQ261497.1
Phytophthora	Phytophthora alni	P11193	HQ261496.1
Phytophthora	Phytophthora alni	P11318	HQ261495.1
Phytophthora	Phytophthora alni	P16202	HQ261494.1
Phytophthora	Phytophthora alticola	-	DQ988196.1
Phytophthora	Phytophthora alticola	P16052	HQ261498.1
Phytophthora	Phytophthora amnicola	-	JQ029958.1
Phytophthora	Phytophthora amnicola	-	JQ029956.1
Phytophthora	Phytophthora andina	-	AY770741.1
Phytophthora	Phytophthora andina	EC3163	FJ769180.1
Phytophthora	Phytophthora andina	PRI814	HQ643350.1
Phytophthora	Phytophthora aquimorbida	-	FJ666127.1
Phytophthora	Phytophthora arecae	CBS30562	HQ643146.1
Phytophthora	Phytophthora arenaria	-	HQ013219.1
Phytophthora	Phytophthora arenaria	-	HQ013215.1
Phytophthora	Phytophthora asiatica (cinnamomi var. robiniae)	-	AB688422.1
Phytophthora	Phytophthora asiatica (cinnamomi var. robiniae)	-	AB538396.1
Phytophthora	Phytophthora asparagi	P10690	HQ261683.1
Phytophthora	Phytophthora asparagi	P10693	HQ261682.1
Phytophthora	Phytophthora asparagi	P10707	HQ261681.1
Phytophthora	Phytophthora austrocedrae	-	DQ995184.1
Phytophthora	Phytophthora austrocedri	P15132	HQ261500.1
Phytophthora	Phytophthora austrocedri	P16040	HQ261499.1
Phytophthora	Phytophthora batemanensis	CBS67984	HQ643148.1
Phytophthora	Phytophthora bilorbang	-	JQ256377.1
Phytophthora	Phytophthora bisheria	-	DQ302411
Phytophthora	Phytophthora bisheria	-	AF408625.2
Phytophthora	Phytophthora bisheria	P10117	HQ261503.1
Phytophthora	Phytophthora bisheria	P11311	HQ261502.1
Phytophthora	Phytophthora bisheria	P7191	HQ261501.1
Phytophthora	Phytophthora boehmeriae	-	DQ988207.1
Phytophthora	Phytophthora boehmeriae	p43	GU993882.1
Phytophthora	Phytophthora boehmeriae	CBS29129	HQ643149.1
Phytophthora	Phytophthora boehmeriae	P1257	HQ261506.1
Phytophthora	Phytophthora boehmeriae	P1378	HQ261505.1
Phytophthora	Phytophthora boehmeriae	P6950	HQ261504.1
Phytophthora	Phytophthora borealis	-	JQ626598.1
Phytophthora	Phytophthora botryosa	-	AF266784
Phytophthora	Phytophthora botryosa	p44	GU993883.1
Phytophthora	Phytophthora botryosa	CBS58169	HQ643151.1
Phytophthora	Phytophthora botryosa	P1044	HQ261510.1
Phytophthora	Phytophthora botryosa	P3425	HQ261509.1
Phytophthora	Phytophthora botryosa	P6944	HQ261508.1
Phytophthora	Phytophthora botryosa	P6945	HQ261507.1
Phytophthora	Phytophthora brassicae	-	AF380147.1
Phytophthora	Phytophthora brassicae	CBS112277	HQ643158.1
Phytophthora	Phytophthora brassicae	CBS17887	HQ643155.1
Phytophthora	Phytophthora brassicae	CBS18087	HQ643154.1
Phytophthora	Phytophthora brassicae	CBS21282	HQ643153.1
Phytophthora	Phytophthora brassicae	CBS68695	HQ643157.1
Phytophthora	Phytophthora brassicae	CBS78297	HQ643156.1
Phytophthora	Phytophthora brassicae	P10155	HQ261512.1
Phytophthora	Phytophthora brassicae	P3273	HQ261511.1
Phytophthora	Phytophthora cactorum	-	AB217671.1
Phytophthora	Phytophthora cactorum	-	AF266772
Phytophthora	Phytophthora cactorum	BR1067	HQ643170.1
Phytophthora	Phytophthora cactorum	BR194	HQ643169.1
Phytophthora	Phytophthora cactorum	BR672	HQ643167.1
Phytophthora	Phytophthora cactorum	BR673	HQ643166.1
Phytophthora	Phytophthora cactorum	BR675	HQ643165.1
Phytophthora	Phytophthora cactorum	CBS110121	HQ643168.1
Phytophthora	Phytophthora cactorum	CBS112275	HQ643164.1
Phytophthora	Phytophthora cactorum	CBS113344	HQ643163.1
Phytophthora	Phytophthora cactorum	CBS15188	HQ643159.1
Phytophthora	Phytophthora cactorum	CBS23130	HQ643161.1
Phytophthora	Phytophthora cactorum	CBS27937	HQ643162.1
Phytophthora	Phytophthora cactorum	CBS29429	HQ643160.1
Phytophthora	Phytophthora cactorum	P0714	HQ261514.1
Phytophthora	Phytophthora cactorum	P10365	HQ261513.1
Phytophthora	Phytophthora cajani	-	AF266765
Phytophthora	Phytophthora cajani	P3105	HQ261515.1
Phytophthora	Phytophthora cambivora	-	AY787031.1
Phytophthora	Phytophthora cambivora	-	AY787030.1
Phytophthora	Phytophthora cambivora	-	AY787029.1
Phytophthora	Phytophthora cambivora	-	AY787028.1
Phytophthora	Phytophthora cambivora	-	AF139369.1
Phytophthora	Phytophthora cambivora	-	AF266763
Phytophthora	Phytophthora cambivora	p64	GU993885.1
Phytophthora	Phytophthora cambivora	CBS111329	HQ643179.1
Phytophthora	Phytophthora cambivora	CBS114085	HQ643178.1
Phytophthora	Phytophthora cambivora	CBS114086	HQ643177.1
Phytophthora	Phytophthora cambivora	CBS114087	HQ643176.1
Phytophthora	Phytophthora cambivora	CBS114093	HQ643175.1
Phytophthora	Phytophthora cambivora	CBS114094	HQ643174.1
Phytophthora	Phytophthora cambivora	CBS114095	HQ643173.1
Phytophthora	Phytophthora cambivora	CBS35678	HQ643172.1
Phytophthora	Phytophthora cambivora	P0592	HQ261516.1
Phytophthora	Phytophthora capensis	-	GU191219.1
Phytophthora	Phytophthora capsici	-	AB217670.1
Phytophthora	Phytophthora capsici	-	AF266787
Phytophthora	Phytophthora capsici	p8	GU993886.1
Phytophthora	Phytophthora capsici	CBS111333	HQ643188.1
Phytophthora	Phytophthora capsici	CBS111334	HQ643187.1
Phytophthora	Phytophthora capsici	CBS111335	HQ643186.1
Phytophthora	Phytophthora capsici	CBS111336	HQ643185.1
Phytophthora	Phytophthora capsici	CBS12823	HQ643180.1
Phytophthora	Phytophthora capsici	CBS25493	HQ643183.1
Phytophthora	Phytophthora capsici	CBS37072	HQ643182.1
Phytophthora	Phytophthora capsici	CBS55488	HQ643181.1
Phytophthora	Phytophthora capsici	P10386	HQ261520.1
Phytophthora	Phytophthora capsici	P1319	HQ261519.1
Phytophthora	Phytophthora capsici	P3375	HQ261518.1
Phytophthora	Phytophthora capsici	P3605	HQ261517.1
Phytophthora	Phytophthora captiosa	-	DQ297399.1
Phytophthora	Phytophthora captiosa	P10719	HQ261522.1
Phytophthora	Phytophthora captiosa	P10720	HQ261521.1
Phytophthora	Phytophthora castaneae	-	KP295324.1
Phytophthora	Phytophthora castaneae	-	KP295323.1
Phytophthora	Phytophthora chrysanthemi	-	AB511826.1
Phytophthora	Phytophthora chrysanthemi	-	AB437136.1
Phytophthora	Phytophthora cichorii	-	KC478773.1
Phytophthora	Phytophthora cinnamomi	-	KC478663.1
Phytophthora	Phytophthora cinnamomi	-	GU191210.1
Phytophthora	Phytophthora cinnamomi	-	AB217675.1
Phytophthora	Phytophthora cinnamomi	-	AF266764
Phytophthora	Phytophthora cinnamomi var. parvispora	-	GQ388261.1
Phytophthora	Phytophthora cinnamomi var. parvispora	CBS41196	HQ643200.1
Phytophthora	Phytophthora cinnamomi var. parvispora	CBS41396	HQ643199.1
Phytophthora	Phytophthora cinnamomi	CBS14422	HQ643189.1
Phytophthora	Phytophthora cinnamomi	CBS23230	HQ643195.1
Phytophthora	Phytophthora cinnamomi	CBS24960	HQ643194.1
Phytophthora	Phytophthora cinnamomi	CBS27055	HQ643193.1
Phytophthora	Phytophthora cinnamomi	CBS30436	HQ643192.1
Phytophthora	Phytophthora cinnamomi	CBS31949	HQ643198.1
Phytophthora	Phytophthora cinnamomi	CBS34172	HQ643197.1
Phytophthora	Phytophthora cinnamomi	CBS34272	HQ643196.1
Phytophthora	Phytophthora cinnamomi	CBS40248	HQ643191.1
Phytophthora	Phytophthora cinnamomi	CBS40348	HQ643190.1
Phytophthora	Phytophthora cinnamomi	P16351	HQ261531.1
Phytophthora	Phytophthora cinnamomi	P2100	HQ261530.1
Phytophthora	Phytophthora cinnamomi	P2121	HQ261529.1
Phytophthora	Phytophthora cinnamomi	P2160	HQ261528.1
Phytophthora	Phytophthora cinnamomi	P2301	HQ261527.1
Phytophthora	Phytophthora cinnamomi	P3232	HQ261526.1
Phytophthora	Phytophthora cinnamomi	P6305	HQ261525.1
Phytophthora	Phytophthora cinnamomi	P7154	HQ261524.1
Phytophthora	Phytophthora cinnamomi	P8495	HQ261523.1
Phytophthora	Phytophthora cinncmomi var. parvispora	-	FJ802007
Phytophthora	Phytophthora citricola E	-	AF266788.1
Phytophthora	Phytophthora citricola III	-	GQ303149.1
Phytophthora	Phytophthora citricola	p52	GU993888.1
Phytophthora	Phytophthora citricola sensu stricto	-	FJ560913.1
Phytophthora	Phytophthora citricola	BR1073	HQ643204.1
Phytophthora	Phytophthora citricola	BR519	HQ643203.1
Phytophthora	Phytophthora citricola	CBS22188	HQ643201.1
Phytophthora	Phytophthora citricola	P0716	HQ261534.1
Phytophthora	Phytophthora citricola	P0767	HQ261533.1
Phytophthora	Phytophthora citricola	P1805	HQ261532.1
Phytophthora	Phytophthora citrophthora	-	AF266785
Phytophthora	Phytophthora citrophthora	M189	GU993889.1
Phytophthora	Phytophthora citrophthora	CBS111338	HQ643208.1
Phytophthora	Phytophthora citrophthora	CBS111339	HQ643207.1
Phytophthora	Phytophthora citrophthora	CBS111726	HQ643206.1
Phytophthora	Phytophthora citrophthora	CBS95087	HQ643205.1
Phytophthora	Phytophthora citrophthora	P10341	HQ261536.1
Phytophthora	Phytophthora citrophthora	P10368	HQ261535.1
Phytophthora	Phytophthora clandestina	-	AJ131989
Phytophthora	Phytophthora clandestina	P3942	HQ261538.1
Phytophthora	Phytophthora clandestina	P3943	HQ261537.1
Phytophthora	Phytophthora cocois	-	KP295306.1
Phytophthora	Phytophthora colocasiae	-	AF266786
Phytophthora	Phytophthora colocasiae	P6290	HQ261540.1
Phytophthora	Phytophthora colocasiae	P6317	HQ261539.1
Phytophthora	Phytophthora constricta	-	HQ013225.1
Phytophthora	Phytophthora constricta	-	EU301143.1
Phytophthora	Phytophthora cryptogea	-	AY659450.1
Phytophthora	Phytophthora cryptogea	-	AY659439.1
Phytophthora	Phytophthora cryptogea	-	AY659434.1
Phytophthora	Phytophthora cryptogea	-	AY659431.1
Phytophthora	Phytophthora cryptogea	-	AY659428.1
Phytophthora	Phytophthora cryptogea	-	AY659426.1
Phytophthora	Phytophthora cryptogea	-	AY659422.1
Phytophthora	Phytophthora cryptogea	-	AY659421.1
Phytophthora	Phytophthora cryptogea	-	AF266796
Phytophthora	Phytophthora cryptogea	p13	GU993890.1
Phytophthora	Phytophthora cryptogea	BR521	HQ643219.1
Phytophthora	Phytophthora cryptogea	BR589	HQ643218.1
Phytophthora	Phytophthora cryptogea	BR682	HQ643217.1
Phytophthora	Phytophthora cryptogea	CBS11319	HQ643216.1
Phytophthora	Phytophthora cryptogea	CBS114074	HQ643215.1
Phytophthora	Phytophthora cryptogea	CBS29035	HQ643212.1
Phytophthora	Phytophthora cryptogea	CBS41871	HQ643211.1
Phytophthora	Phytophthora cryptogea	CBS46881	HQ643210.1
Phytophthora	Phytophthora cryptogea	Lev1802	HQ643214.1
Phytophthora	Phytophthora cryptogea	P10705	HQ261550.1
Phytophthora	Phytophthora cryptogea	P1088_WPC	HQ261549.1
Phytophthora	Phytophthora cryptogea	P11822	HQ261548.1
Phytophthora	Phytophthora cryptogea	P16165	HQ261547.1
Phytophthora	Phytophthora cryptogea	P1693	HQ261546.1
Phytophthora	Phytophthora cryptogea	P1739	HQ261545.1
Phytophthora	Phytophthora cryptogea	P1810	HQ261544.1
Phytophthora	Phytophthora cryptogea	P3103	HQ261543.1
Phytophthora	Phytophthora cryptogea	P3700	HQ261542.1
Phytophthora	Phytophthora cryptogea	P3876	HQ261541.1
Phytophthora	Phytophthora dauci	-	KC478761.1
Phytophthora	Phytophthora drechsleri	-	AY659464.1
Phytophthora	Phytophthora drechsleri	-	AY659458.1
Phytophthora	Phytophthora drechsleri	-	AY659457.1
Phytophthora	Phytophthora drechsleri	-	AY659446.1
Phytophthora	Phytophthora drechsleri	-	AY659435.1
Phytophthora	Phytophthora drechsleri	-	AF266798
Phytophthora	Phytophthora drechsleri	P10331	HQ261553.1
Phytophthora	Phytophthora drechsleri	P1087	HQ261552.1
Phytophthora	Phytophthora drechsleri	P11638	HQ261551.1
Phytophthora	Phytophthora elongata	-	GQ847755.1
Phytophthora	Phytophthora erythroseptica	-	AY659449.1
Phytophthora	Phytophthora erythroseptica	-	AY659445.1
Phytophthora	Phytophthora erythroseptica	-	AF266797
Phytophthora	Phytophthora erythroseptica	p50	GU993891.1
Phytophthora	Phytophthora erythroseptica	BR464	HQ643227.1
Phytophthora	Phytophthora erythroseptica	BR664	HQ643226.1
Phytophthora	Phytophthora erythroseptica	CBS111343	HQ643228.1
Phytophthora	Phytophthora erythroseptica	CBS12923	HQ643221.1
Phytophthora	Phytophthora erythroseptica	CBS23330	HQ643222.1
Phytophthora	Phytophthora erythroseptica	CBS95187	HQ643225.1
Phytophthora	Phytophthora erythroseptica	CBS95687	HQ643224.1
Phytophthora	Phytophthora erythroseptica	P0340	HQ261555.1
Phytophthora	Phytophthora erythroseptica	P10382	HQ261554.1
Phytophthora	Phytophthora europaea	-	AF449491.1
Phytophthora	Phytophthora europaea	BR1072	HQ643229.1
Phytophthora	Phytophthora europaea	P10324	HQ261556.1
Phytophthora	Phytophthora fallax	-	DQ297398.1
Phytophthora	Phytophthora fallax	-	DQ297392.1
Phytophthora	Phytophthora fallax	P10722	HQ261559.1
Phytophthora	Phytophthora fallax	P10723	HQ261558.1
Phytophthora	Phytophthora fallax	P10725	HQ261557.1
Phytophthora	Phytophthora fluvialis	-	JF701436.1
Phytophthora	Phytophthora fluvialis	-	JF701435.1
Phytophthora	Phytophthora fluvialis	-	EU593261.2
Phytophthora	Phytophthora foliorum	-	EF120469
Phytophthora	Phytophthora foliorum	P10969	HQ261561.1
Phytophthora	Phytophthora foliorum	P10971	HQ261560.1
Phytophthora	Phytophthora fragaefolia	-	AB305065.1
Phytophthora	Phytophthora fragariae	-	AF266762
Phytophthora	Phytophthora fragariae	CBS20946	HQ643230.1
Phytophthora	Phytophthora fragariae	CBS30962	HQ643231.1
Phytophthora	Phytophthora fragariae	P11808	HQ261565.1
Phytophthora	Phytophthora fragariae	P1435	HQ261564.1
Phytophthora	Phytophthora fragariae	P3820	HQ261563.1
Phytophthora	Phytophthora fragariae	P6406	HQ261562.1
Phytophthora	Phytophthora frigida	-	DQ988177.1
Phytophthora	Phytophthora frigida	P16051	HQ261569.1
Phytophthora	Phytophthora frigida	P16053	HQ261568.1
Phytophthora	Phytophthora frigida	P16054	HQ261567.1
Phytophthora	Phytophthora frigida	P16059	HQ261566.1
Phytophthora	Phytophthora gallica	-	DQ286726
Phytophthora	Phytophthora gemini	-	FJ217680.1
Phytophthora	Phytophthora gemini	-	FJ217679.1
Phytophthora	Phytophthora gibbosa	-	HQ012936.1
Phytophthora	Phytophthora gibbosa	-	HQ012933.1
Phytophthora	Phytophthora glovera	-	AF279127.2
Phytophthora	Phytophthora glovera	-	AF279128
Phytophthora	Phytophthora gonapodyides	-	AY787025.1
Phytophthora	Phytophthora gonapodyides	-	AF541892.1
Phytophthora	Phytophthora gonapodyides	-	AF541891.1
Phytophthora	Phytophthora gonapodyides	-	AF541888.1
Phytophthora	Phytophthora gonapodyides	-	AF541887.1
Phytophthora	Phytophthora gonapodyides	IMI345174	GU993893.1
Phytophthora	Phytophthora gonapodyides	CBS113346	HQ643236.1
Phytophthora	Phytophthora gonapodyides	CBS117380	HQ643232.1
Phytophthora	Phytophthora gonapodyides	CBS36379	HQ643235.1
Phytophthora	Phytophthora gonapodyides	CBS55467	HQ643233.1
Phytophthora	Phytophthora gonapodyides	P7050	HQ261570.1
Phytophthora	Phytophthora gregata	-	HQ012942.1
Phytophthora	Phytophthora gregata	-	HQ012938.1
Phytophthora	Phytophthora gregata	-	EU301173.2
Phytophthora	Phytophthora gregata	-	EU301171.2
Phytophthora	Phytophthora gregata	-	AF541904.1
Phytophthora	Phytophthora gregata	-	AF541903.1
Phytophthora	Phytophthora hedraiandra	-	AY707987.1
Phytophthora	Phytophthora hedraiandra	CBS118732	HQ643237.1
Phytophthora	Phytophthora hedraiandra	P11678	HQ261571.1
Phytophthora	Phytophthora heveae	-	KP295301.1
Phytophthora	Phytophthora heveae	-	AF266770
Phytophthora	Phytophthora heveae	p28	GU993894.1
Phytophthora	Phytophthora heveae	CBS29629	HQ643238.1
Phytophthora	Phytophthora heveae	P0578	HQ261575.1
Phytophthora	Phytophthora heveae	P1000	HQ261574.1
Phytophthora	Phytophthora heveae	P3428	HQ261573.1
Phytophthora	Phytophthora heveae	P8240	HQ261572.1
Phytophthora	Phytophthora hibernalis	-	AY369375.1
Phytophthora	Phytophthora hibernalis	-	AY369370.1
Phytophthora	Phytophthora hibernalis	CBS119904	HQ643240.1
Phytophthora	Phytophthora hibernalis	CBS52277	HQ643241.1
Phytophthora	Phytophthora hibernalis	P3822	HQ261576.1
Phytophthora	Phytophthora himalayensis	CBS35759	HQ643242.1
Phytophthora	Phytophthora himalsilva	-	HM752784.1
Phytophthora	Phytophthora humicola	-	AF266792
Phytophthora	Phytophthora humicola	CBS114082	HQ643245.1
Phytophthora	Phytophthora humicola	CBS114083	HQ643244.1
Phytophthora	Phytophthora humicola	CBS20081	HQ643243.1
Phytophthora	Phytophthora humicola	P3826	HQ261578.1
Phytophthora	Phytophthora humicola	P6701	HQ261577.1
Phytophthora	Phytophthora hydrogena	-	KC249960.1
Phytophthora	Phytophthora hydropathica	-	EU583793.1
Phytophthora	Phytophthora idaei	-	AF266773
Phytophthora	Phytophthora idaei	CBS96895	HQ643246.1
Phytophthora	Phytophthora idaei	P6767	HQ261579.1
Phytophthora	Phytophthora ilicis	-	AJ131990
Phytophthora	Phytophthora ilicis	P3939	HQ261583.1
Phytophthora	Phytophthora ilicis	P6098	HQ261582.1
Phytophthora	Phytophthora ilicis	P6099	HQ261581.1
Phytophthora	Phytophthora ilicis	P6860	HQ261580.1
Phytophthora	Phytophthora infestans	-	AF266779
Phytophthora	Phytophthora infestans	CBS36651	HQ643247.1
Phytophthora	Phytophthora infestans	P10650	HQ261589.1
Phytophthora	Phytophthora infestans	P12022	HQ261588.1
Phytophthora	Phytophthora infestans	P13198	HQ261587.1
Phytophthora	Phytophthora infestans	P15168	HQ261586.1
Phytophthora	Phytophthora infestans	P15938	HQ261585.1
Phytophthora	Phytophthora infestans	P15941	HQ261584.1
Phytophthora	Phytophthora inflata	p122	GU993896.1
Phytophthora	Phytophthora insolita	-	AF271222
Phytophthora	Phytophthora insolita	IMI288805	GU993897.1
Phytophthora	Phytophthora insolita	P6195	HQ261591.1
Phytophthora	Phytophthora insolita	P6703	HQ261590.1
Phytophthora	Phytophthora inundata	-	AF541912.1
Phytophthora	Phytophthora inundata	BR332	HQ643252.1
Phytophthora	Phytophthora inundata	CBS21585	HQ643251.1
Phytophthora	Phytophthora inundata	CBS21685	HQ643250.1
Phytophthora	Phytophthora inundata	P8478	HQ261594.1
Phytophthora	Phytophthora inundata	P8479	HQ261593.1
Phytophthora	Phytophthora inundata	P8619	HQ261592.1
Phytophthora	Phytophthora ipomoeae	-	AY770742.1
Phytophthora	Phytophthora ipomoeae	P10225	HQ261597.1
Phytophthora	Phytophthora ipomoeae	P10226	HQ261596.1
Phytophthora	Phytophthora ipomoeae	P10227	HQ261595.1
Phytophthora	Phytophthora ipomoeae	PRI810	HQ643253.1
Phytophthora	Phytophthora iranica	-	AJ131987
Phytophthora	Phytophthora iranica	CBS37472	HQ643254.1
Phytophthora	Phytophthora iranica	P3882	HQ261598.1
Phytophthora	Phytophthora irrigata	-	EU595771.1
Phytophthora	Phytophthora katsurae	-	AF266771
Phytophthora	Phytophthora katsurae	p45	GU993899.1
Phytophthora	Phytophthora katsurae	CBS58785	HQ643255.1
Phytophthora	Phytophthora katsurae	P10187	HQ261601.1
Phytophthora	Phytophthora katsurae	P3389	HQ261600.1
Phytophthora	Phytophthora katsurae	P6921	HQ261599.1
Phytophthora	Phytophthora kernoviae	-	AY940661
Phytophthora	Phytophthora kernoviae	IMI393172	GU993900.1
Phytophthora	Phytophthora kernoviae	P10671	HQ261604.1
Phytophthora	Phytophthora kernoviae	P10681	HQ261603.1
Phytophthora	Phytophthora kernoviae	P10958	HQ261602.1
Phytophthora	Phytophthora kernoviae	PRI712	HQ643261.1
Phytophthora	Phytophthora kernoviae	PRI713	HQ643260.1
Phytophthora	Phytophthora kernoviae	PRI714	HQ643259.1
Phytophthora	Phytophthora kernoviae	PRI715	HQ643258.1
Phytophthora	Phytophthora lactucae	-	KC478768.1
Phytophthora	Phytophthora lacustris	-	AF266793.2
Phytophthora	Phytophthora lateralis	-	AF266804
Phytophthora	Phytophthora lateralis	p51	GU993901.1
Phytophthora	Phytophthora lateralis	Lev1213	HQ643263.1
Phytophthora	Phytophthora litchii	-	JQ814693.1
Phytophthora	Phytophthora litchii	BR892	HQ643265.1
Phytophthora	Phytophthora litchii	BR893	HQ643264.1
Phytophthora	Phytophthora litchii	CBS10081	HQ643266.1
Phytophthora	Phytophthora litoralis	-	HQ012948.1
Phytophthora	Phytophthora litoralis	-	HQ012947.1
Phytophthora	Phytophthora litoralis	-	HQ012946.1
Phytophthora	Phytophthora macilentosa	-	KF192701.1
Phytophthora	Phytophthora macrochlamydospora	-	L41373.1
Phytophthora	Phytophthora macrochlamydospora	IMI351473	GU993902.1
Phytophthora	Phytophthora macrochlamydospora	P10267	HQ261606.1
Phytophthora	Phytophthora macrochlamydospora	P8017	HQ261605.1
Phytophthora	Phytophthora meadii	-	AY251649.1
Phytophthora	Phytophthora meadii	p75	GU993903.1
Phytophthora	Phytophthora meadii	CBS21988	HQ643268.1
Phytophthora	Phytophthora meadii	P6128	HQ261607.1
Phytophthora	Phytophthora medicaginis	-	AF266799
Phytophthora	Phytophthora medicaginis	BR610	HQ643273.1
Phytophthora	Phytophthora medicaginis	BR611	HQ643272.1
Phytophthora	Phytophthora medicaginis	BR622	HQ643271.1
Phytophthora	Phytophthora medicaginis	CBS117685	HQ643270.1
Phytophthora	Phytophthora medicaginis	P10127	HQ261608.1
Phytophthora	Phytophthora megakarya	-	AF266782
Phytophthora	Phytophthora megakarya	p42	GU993904.1
Phytophthora	Phytophthora megakarya	P1664	HQ261611.1
Phytophthora	Phytophthora megakarya	P1672	HQ261610.1
Phytophthora	Phytophthora megakarya	P8516	HQ261609.1
Phytophthora	Phytophthora megasperma	-	AF541898.1
Phytophthora	Phytophthora megasperma	-	AF541896.1
Phytophthora	Phytophthora megasperma	-	AF541895.1
Phytophthora	Phytophthora megasperma	-	AF541893.1
Phytophthora	Phytophthora megasperma	-	AF266794
Phytophthora	Phytophthora megasperma	p81	GU993905.1
Phytophthora	Phytophthora megasperma	BR395	HQ643282.1
Phytophthora	Phytophthora megasperma	BR396	HQ643281.1
Phytophthora	Phytophthora megasperma	BR398	HQ643280.1
Phytophthora	Phytophthora megasperma	BR528	HQ643279.1
Phytophthora	Phytophthora megasperma	BR529	HQ643278.1
Phytophthora	Phytophthora megasperma	CBS30636	HQ643277.1
Phytophthora	Phytophthora megasperma	CBS40272	HQ643275.1
Phytophthora	Phytophthora megasperma	P10340	HQ261615.1
Phytophthora	Phytophthora megasperma	P1679	HQ261614.1
Phytophthora	Phytophthora megasperma	P3136	HQ261613.1
Phytophthora	Phytophthora megasperma	P6957	HQ261612.1
Phytophthora	Phytophthora melonis	-	AF266767
Phytophthora	Phytophthora melonis	IMI325917	GU993906.1
Phytophthora	Phytophthora melonis	CBS58269	HQ643283.1
Phytophthora	Phytophthora melonis	P3609	HQ261617.1
Phytophthora	Phytophthora melonis	P6870	HQ261616.1
Phytophthora	Phytophthora mengei	-	EU748545.1
Phytophthora	Phytophthora mengei	P10139	HQ261619.1
Phytophthora	Phytophthora mengei	P1275	HQ261618.1
Phytophthora	Phytophthora mexicana	P0646	HQ261620.1
Phytophthora	Phytophthora mirabilis	-	AF266777
Phytophthora	Phytophthora mirabilis	p3007	GU993907.1
Phytophthora	Phytophthora mirabilis	CBS122204	HQ643285.1
Phytophthora	Phytophthora mirabilis	CBS67885	HQ643287.1
Phytophthora	Phytophthora mirabilis	P10231	HQ261623.1
Phytophthora	Phytophthora mirabilis	P3005	HQ261622.1
Phytophthora	Phytophthora mirabilis	P3010	HQ261621.1
Phytophthora	Phytophthora mississippiae	-	KF112853.1
Phytophthora	Phytophthora mississippiae	-	KF112851.1
Phytophthora	Phytophthora morindae	-	FJ469147.1
Phytophthora	Phytophthora multivesiculata	-	AF266790
Phytophthora	Phytophthora multivesiculata	IMI386053	GU993908.1
Phytophthora	Phytophthora multivesiculata	CBS54596	HQ643288.1
Phytophthora	Phytophthora multivesiculata	P10670	HQ261624.1
Phytophthora	Phytophthora multivora	-	FJ237521.2
Phytophthora	Phytophthora multivora	-	FJ237515.2
Phytophthora	Phytophthora multivora	BR514	HQ643292.1
Phytophthora	Phytophthora multivora	CBS111337	HQ643293.1
Phytophthora	Phytophthora multivora	CBS113347	HQ643291.1
Phytophthora	Phytophthora multivora	CBS119108	HQ643290.1
Phytophthora	Phytophthora multivora	P1233	HQ261626.1
Phytophthora	Phytophthora multivora	P7902	HQ261625.1
Phytophthora	Phytophthora nagaii	-	AB688355.1
Phytophthora	Phytophthora nemorosa	-	AY332654.1
Phytophthora	Phytophthora nemorosa	CBS114870	HQ643294.1
Phytophthora	Phytophthora nemorosa	P10288	HQ261628.1
Phytophthora	Phytophthora nemorosa	P16352	HQ261627.1
Phytophthora	Phytophthora nemorosa	PRI708	HQ643298.1
Phytophthora	Phytophthora nemorosa	PRI709	HQ643297.1
Phytophthora	Phytophthora nemorosa	PRI710	HQ643296.1
Phytophthora	Phytophthora nemorosa	PRI711	HQ643295.1
Phytophthora	Phytophthora nicotianae	-	AB217682.1
Phytophthora	Phytophthora nicotianae	-	AF266776
Phytophthora	Phytophthora nicotianae	BER11	GU993910.1
Phytophthora	Phytophthora nicotianae	CBS101655	HQ643303.1
Phytophthora	Phytophthora nicotianae	CBS30329	HQ643301.1
Phytophthora	Phytophthora nicotianae	CBS30429	HQ643300.1
Phytophthora	Phytophthora nicotianae	CBS31062	HQ643302.1
Phytophthora	Phytophthora nicotianae	CBS53492	HQ643299.1
Phytophthora	Phytophthora nicotianae	P10297	HQ261632.1
Phytophthora	Phytophthora nicotianae	P10381	HQ261631.1
Phytophthora	Phytophthora nicotianae	P6915	HQ261630.1
Phytophthora	Phytophthora nicotianae	P7146	HQ261629.1
Phytophthora	Phytophthora niederhauserii	-	GU119914
Phytophthora	Phytophthora obscura	-	HQ917911
Phytophthora	Phytophthora obscura	-	HQ917909
Phytophthora	Phytophthora occultans	-	JX978155.1
Phytophthora	Phytophthora pachypleura	-	KC855330.1
Phytophthora	Phytophthora palmivora	-	AF266780
Phytophthora	Phytophthora palmivora	CBS17926	HQ643305.1
Phytophthora	Phytophthora palmivora	CBS27433	HQ643308.1
Phytophthora	Phytophthora palmivora	CBS29829	HQ643307.1
Phytophthora	Phytophthora palmivora	CBS29929	HQ643306.1
Phytophthora	Phytophthora palmivora	P0113	HQ261636.1
Phytophthora	Phytophthora palmivora	P0255	HQ261635.1
Phytophthora	Phytophthora palmivora	P16385	HQ261634.1
Phytophthora	Phytophthora palmivora	P6390	HQ261633.1
Phytophthora	Phytophthora parsiana	-	AY659741.1
Phytophthora	Phytophthora parsiana	-	AY659740.1
Phytophthora	Phytophthora parsiana	-	AY659739.1
Phytophthora	Phytophthora parsiana	-	AY659738.1
Phytophthora	Phytophthora parsiana	-	AY659737.1
Phytophthora	Phytophthora parsiana	-	AY659736.1
Phytophthora	Phytophthora parsiana	P15164	HQ261639.1
Phytophthora	Phytophthora parsiana	P21281	HQ261638.1
Phytophthora	Phytophthora parsiana	P21282	HQ261637.1
Phytophthora	Phytophthora phaseoli	-	AF266778
Phytophthora	Phytophthora phaseoli	CBS55688	HQ643309.1
Phytophthora	Phytophthora phaseoli	P10145	HQ261642.1
Phytophthora	Phytophthora phaseoli	P10150	HQ261641.1
Phytophthora	Phytophthora phaseoli	P6609	HQ261640.1
Phytophthora	Phytophthora pini	-	GQ324989.1
Phytophthora	Phytophthora pini	CBS18125	HQ643310.1
Phytophthora	Phytophthora pinifolia	-	EU725806.1
Phytophthora	Phytophthora pinifolia	-	EU725805.1
Phytophthora	Phytophthora pinifolia	P16100	HQ261643.1
Phytophthora	Phytophthora pisi	-	HQ894399.1
Phytophthora	Phytophthora pisi	-	HQ894395.1
Phytophthora	Phytophthora pisi	-	HQ894394.1
Phytophthora	Phytophthora pisi	-	HQ894391.1
Phytophthora	Phytophthora pistaciae	-	AF403506.1
Phytophthora	Phytophthora pistaciae	P6196	HQ261645.1
Phytophthora	Phytophthora pistaciae	P6197	HQ261644.1
Phytophthora	Phytophthora plurivora	-	FJ665227.1
Phytophthora	Phytophthora plurivora	-	FJ665225.1
Phytophthora	Phytophthora plurivora	-	AJ007370.1
Phytophthora	Phytophthora plurivora	-	AF266789
Phytophthora	Phytophthora plurivora	CBS117378	HQ643311.1
Phytophthora	Phytophthora plurivora	CBS37961	HQ643312.1
Phytophthora	Phytophthora pluvialis	-	KC529657.1
Phytophthora	Phytophthora polonica	-	JX276017.1
Phytophthora	Phytophthora polonica	-	DQ396422.1
Phytophthora	Phytophthora polonica	-	DQ396417.1
Phytophthora	Phytophthora polonica	-	DQ396409.1
Phytophthora	Phytophthora polonica	P15004	HQ261647.1
Phytophthora	Phytophthora polonica	P15005	HQ261646.1
Phytophthora	Phytophthora porri	-	AF380150.1
Phytophthora	Phytophthora porri	CBS114100	HQ643320.1
Phytophthora	Phytophthora porri	CBS116662	HQ643317.1
Phytophthora	Phytophthora porri	CBS14187	HQ643316.1
Phytophthora	Phytophthora porri	CBS14287	HQ643315.1
Phytophthora	Phytophthora porri	CBS18187	HQ643314.1
Phytophthora	Phytophthora porri	CBS56786	HQ643318.1
Phytophthora	Phytophthora porri	CBS78397	HQ643319.1
Phytophthora	Phytophthora porri	P7518	HQ261649.1
Phytophthora	Phytophthora porri	P7899	HQ261648.1
Phytophthora	Phytophthora primulae	-	AF266802
Phytophthora	Phytophthora primulae	CBS100531	HQ643322.1
Phytophthora	Phytophthora primulae	CBS110162	HQ643324.1
Phytophthora	Phytophthora primulae	CBS110167	HQ643323.1
Phytophthora	Phytophthora primulae	CBS62097	HQ643321.1
Phytophthora	Phytophthora primulae	P10220	HQ261651.1
Phytophthora	Phytophthora primulae	P10333	HQ261650.1
Phytophthora	Phytophthora pseudolactucae	-	AB894385.1
Phytophthora	Phytophthora pseudolactucae	-	AB894384.1
Phytophthora	Phytophthora pseudosyringae	-	AY242980.1
Phytophthora	Phytophthora pseudosyringae	-	AY230190.1
Phytophthora	Phytophthora pseudosyringae	IMI391716	GU993912.1
Phytophthora	Phytophthora pseudosyringae	CBS111773	HQ643329.1
Phytophthora	Phytophthora pseudosyringae	CBS111774	HQ643328.1
Phytophthora	Phytophthora pseudosyringae	CBS111775	HQ643327.1
Phytophthora	Phytophthora pseudosyringae	CBS114108	HQ643326.1
Phytophthora	Phytophthora pseudosyringae	P10443	HQ261653.1
Phytophthora	Phytophthora pseudosyringae	P16355	HQ261652.1
Phytophthora	Phytophthora pseudotsugae	-	AF266774
Phytophthora	Phytophthora pseudotsugae	IMI331663	GU993913.1
Phytophthora	Phytophthora pseudotsugae	CBS44484	HQ643332.1
Phytophthora	Phytophthora pseudotsugae	CBS44584	HQ643331.1
Phytophthora	Phytophthora pseudotsugae	CBS44684	HQ643330.1
Phytophthora	Phytophthora pseudotsugae	P10218	HQ261655.1
Phytophthora	Phytophthora pseudotsugae	P10339	HQ261654.1
Phytophthora	Phytophthora psychrophila	-	AF449494.1
Phytophthora	Phytophthora psychrophila	P10433	HQ261656.1
Phytophthora	Phytophthora quercetorum	-	DQ313223
Phytophthora	Phytophthora quercetorum	P15555	HQ261657.1
Phytophthora	Phytophthora quercina	-	AJ131986
Phytophthora	Phytophthora quercina	CBS78195	HQ643337.1
Phytophthora	Phytophthora quercina	CBS78695	HQ643336.1
Phytophthora	Phytophthora quercina	CBS78795	HQ643335.1
Phytophthora	Phytophthora quercina	CBS78895	HQ643334.1
Phytophthora	Phytophthora quercina	P10334	HQ261659.1
Phytophthora	Phytophthora quercina	P10441	HQ261658.1
Phytophthora	Phytophthora quininea	-	HQ261661
Phytophthora	Phytophthora quininea	CBS40748	HQ643338.1
Phytophthora	Phytophthora quininea	P3247	HQ261661.1
Phytophthora	Phytophthora quininea	P8488	HQ261660.1
Phytophthora	Phytophthora ramorum	-	AY369368.1
Phytophthora	Phytophthora ramorum	CBS101553	HQ643339.1
Phytophthora	Phytophthora ramorum	P10102	HQ261663.1
Phytophthora	Phytophthora ramorum	P10301	HQ261662.1
Phytophthora	Phytophthora richardiae	-	AF271221
Phytophthora	Phytophthora riparia	-	JQ626602.1
Phytophthora	Phytophthora riparia	-	JQ626600.1
Phytophthora	Phytophthora riparia	-	JQ626594.1
Phytophthora	Phytophthora rosacearum	-	AF541911.1
Phytophthora	Phytophthora rosacearum	P3159	HQ261664.1
Phytophthora	Phytophthora rubi	-	AF266761
Phytophthora	Phytophthora rubi	CBS109892	HQ643341.1
Phytophthora	Phytophthora rubi	CBS96795	HQ643340.1
Phytophthora	Phytophthora rubi	P3289	HQ261666.1
Phytophthora	Phytophthora rubi	P3316	HQ261665.1
Phytophthora	Phytophthora sansomea	BR1058	HQ643343.1
Phytophthora	Phytophthora sansomea	BR623	HQ643342.1
Phytophthora	Phytophthora sansomea	P3163	HQ261669.1
Phytophthora	Phytophthora sansomea	P8048	HQ261668.1
Phytophthora	Phytophthora sansomea	P8049	HQ261667.1
Phytophthora	Phytophthora sansomeana	-	EU925375
Phytophthora	Phytophthora sinensis	-	AF266768
Phytophthora	Phytophthora sinensis	CBS55788	HQ643344.1
Phytophthora	Phytophthora sinensis	P1475	HQ261671.1
Phytophthora	Phytophthora sinensis	P1748	HQ261670.1
Phytophthora	Phytophthora siskiyouensis	-	EF490682.1
Phytophthora	Phytophthora siskiyouensis	P15122	HQ261674.1
Phytophthora	Phytophthora siskiyouensis	P15123	HQ261673.1
Phytophthora	Phytophthora siskiyouensis	P16301	HQ261672.1
Phytophthora	Phytophthora siskiyouensis	PRI816	HQ643346.1
Phytophthora	Phytophthora siskiyouensis	PRI817	HQ643345.1
Phytophthora	Phytophthora sojae	-	AB217684.1
Phytophthora	Phytophthora sojae	-	AF266769
Phytophthora	Phytophthora sojae	BR1079	HQ643349.1
Phytophthora	Phytophthora sojae	BR582	HQ643348.1
Phytophthora	Phytophthora sojae	CBS38261	HQ643347.1
Phytophthora	Phytophthora sojae	P0405	HQ261679.1
Phytophthora	Phytophthora sojae	P10704	HQ261678.1
Phytophthora	Phytophthora sojae	P3114	HQ261677.1
Phytophthora	Phytophthora sojae	P6497	HQ261676.1
Phytophthora	Phytophthora sojae	P7061	HQ261675.1
Phytophthora	Phytophthora sp. AL-2010a	P6875	HQ261680.1
Phytophthora	Phytophthora sp. AL-2010b	P10337	HQ261708.1
Phytophthora	Phytophthora sp. AL-2010b	P10728	HQ261707.1
Phytophthora	Phytophthora sp. AL-2010b	P1212	HQ261706.1
Phytophthora	Phytophthora sp. AL-2010b	P3600	HQ261705.1
Phytophthora	Phytophthora sp. AL-2010b	P6207	HQ261704.1
Phytophthora	Phytophthora sp. AL-2010c	P15880	HQ261693.1
Phytophthora	Phytophthora sp. AL-2010d	P10456	HQ261684.1
Phytophthora	Phytophthora sp. AL-2010e	P1256	HQ261709.1
Phytophthora	Phytophthora sp. BL-2009a	P10279	HQ261703.1
Phytophthora	Phytophthora sp. BL-2009a	P10616	HQ261702.1
Phytophthora	Phytophthora sp. BL-2009a	P10617	HQ261701.1
Phytophthora	Phytophthora sp. BL-2009a	P10976	HQ261700.1
Phytophthora	Phytophthora sp. BL-2009a	P16237	HQ261699.1
Phytophthora	Phytophthora sp. CAL-2011b	BR333	HQ643355.1
Phytophthora	Phytophthora sp. CAL-2011b	CBS111346	HQ643354.1
Phytophthora	Phytophthora sp. CAL-2011b	CBS114338	HQ643352.1
Phytophthora	Phytophthora sp. CAL-2011b	CBS36879	HQ643353.1
Phytophthora	Phytophthora sp. cuyabensis	P8213	HQ261688.1
Phytophthora	Phytophthora sp. cuyabensis	P8218	HQ261687.1
Phytophthora	Phytophthora sp. cuyabensis	P8230	HQ261686.1
Phytophthora	Phytophthora sp. cuyabensis	P8232	HQ261685.1
Phytophthora	Phytophthora sp. Emzansi	-	GU191228.1
Phytophthora	Phytophthora sp. glovera	P10618	HQ261690.1
Phytophthora	Phytophthora sp. glovera	P10619	HQ261689.1
Phytophthora	Phytophthora sp. kelmania	CBS30762	HQ643351.1
Phytophthora	Phytophthora sp. kelmania	P10613	HQ261692.1
Phytophthora	Phytophthora sp. kelmania	P10614	HQ261691.1
Phytophthora	Phytophthora sp. lagoariana	P8220	HQ261695.1
Phytophthora	Phytophthora sp. lagoariana	P8223	HQ261694.1
Phytophthora	Phytophthora sp. napoensis	P8221	HQ261698.1
Phytophthora	Phytophthora sp. napoensis	P8225	HQ261697.1
Phytophthora	Phytophthora sp. napoensis	P8233	HQ261696.1
Phytophthora	Phytophthora sp. ohioensis	P16050	HQ261710.1
Phytophthora	Phytophthora sp. thermophilum	P10457	HQ261713.1
Phytophthora	Phytophthora sp. thermophilum	P1896	HQ261712.1
Phytophthora	Phytophthora sp. personii	-	EU301169.2
Phytophthora	Phytophthora stricta	-	KF192695.1
Phytophthora	Phytophthora sulawesiensis	P6306	HQ261711.1
Phytophthora	Phytophthora syringae	-	HQ917914
Phytophthora	Phytophthora syringae	-	HQ917913
Phytophthora	Phytophthora syringae	-	AY787034.1
Phytophthora	Phytophthora syringae	-	AY787033.1
Phytophthora	Phytophthora syringae	-	AY787032.1
Phytophthora	Phytophthora syringae	-	AF266803
Phytophthora	Phytophthora syringae	CBS110161	HQ643362.1
Phytophthora	Phytophthora syringae	CBS114107	HQ643361.1
Phytophthora	Phytophthora syringae	CBS114109	HQ643360.1
Phytophthora	Phytophthora syringae	CBS114110	HQ643359.1
Phytophthora	Phytophthora syringae	CBS13223	HQ643356.1
Phytophthora	Phytophthora syringae	CBS27574	HQ643357.1
Phytophthora	Phytophthora syringae	CBS36452	HQ643358.1
Phytophthora	Phytophthora syringae	P10330	HQ261716.1
Phytophthora	Phytophthora syringae	P10332	HQ261715.1
Phytophthora	Phytophthora syringae	P2004	HQ261714.1
Phytophthora	Phytophthora tabaci	CBS30529	HQ643363.1
Phytophthora	Phytophthora taxon aquatilis	-	FJ666126.1
Phytophthora	Phytophthora taxon asparagi	-	AF266795
Phytophthora	Phytophthora taxon castitis	-	KC478759.1
Phytophthora	Phytophthora taxon cuyabensis	-	EF564803
Phytophthora	Phytophthora taxon forestsoil	-	AF541908.1
Phytophthora	Phytophthora taxon kunnunara	-	EF437222.1
Phytophthora	Phytophthora taxon lagoariana	-	EF590256
Phytophthora	Phytophthora taxon napoensis	-	EF680320.1
Phytophthora	Phytophthora taxon novaeguinee	-	EU035774.1
Phytophthora	Phytophthora taxon oaksoil	-	EU240038.1
Phytophthora	Phytophthora taxon paludosa	-	HQ012953.1
Phytophthora	Phytophthora taxon pgchlamydo	-	AF541901.1
Phytophthora	Phytophthora taxon pgchlamydo	-	AF541900.1
Phytophthora	Phytophthora taxon raspberry	-	AF541905.1
Phytophthora	Phytophthora taxon sulawesiensis	-	EF590257.1
Phytophthora	Phytophthora taxon walnut	-	AF541910.1
Phytophthora	Phytophthora taxon zentmyerii	-	EU164426.1
Phytophthora	Phytophthora tentaculata	-	AF266775
Phytophthora	Phytophthora tentaculata	CBS100411	HQ643367.1
Phytophthora	Phytophthora tentaculata	CBS115458	HQ643364.1
Phytophthora	Phytophthora tentaculata	CBS41296	HQ643366.1
Phytophthora	Phytophthora tentaculata	CBS55296	HQ643365.1
Phytophthora	Phytophthora tentaculata	P10363	HQ261718.1
Phytophthora	Phytophthora tentaculata	P8497	HQ261717.1
Phytophthora	Phytophthora terminalis	-	JX978167.1
Phytophthora	Phytophthora thermophila	-	HQ012950.1
Phytophthora	Phytophthora thermophila	-	EU301158.2
Phytophthora	Phytophthora thermophila	-	EU301155.2
Phytophthora	Phytophthora trifolii	-	AF266800
Phytophthora	Phytophthora trifolii	CBS117688	HQ643368.1
Phytophthora	Phytophthora trifolii	P1462	HQ261719.1
Phytophthora	Phytophthora tropicalis	-	AY208125.1
Phytophthora	Phytophthora tropicalis	p27	GU993915.1
Phytophthora	Phytophthora tropicalis	CBS43491	HQ643369.1
Phytophthora	Phytophthora tropicalis	P6522	HQ261720.1
Phytophthora	Phytophthora uliginosa	-	AF449495.1
Phytophthora	Phytophthora uliginosa	P10328	HQ261722.1
Phytophthora	Phytophthora uliginosa	P10413	HQ261721.1
Phytophthora	Phytophthora vignae	-	AB217687.1
Phytophthora	Phytophthora vignae	-	AF266766
Phytophthora	Phytophthora vignae	P3019	HQ261724.1
Phytophthora	Phytophthora vignae	P7471	HQ261723.1
Phytophthora	Phytophthora virginiana	-	KC295542.1
Phytopythium	Phytopythium aff. vexans	CBS26130	HQ643371.1
Phytopythium	Phytopythium boreale	CBS55188	HQ643372.1
Phytopythium	Phytopythium carbonicum	CBS112544	HQ643373.2
Phytopythium	Phytopythium chamaehyphon	CBS25930	HQ643374.1
Phytopythium	Phytopythium citrinum	ADC9442	HQ643380.1
Phytopythium	Phytopythium citrinum	ADC9512	HQ643379.1
Phytopythium	Phytopythium citrinum	ADC9513	HQ643378.1
Phytopythium	Phytopythium citrinum	ADC9515	HQ643377.1
Phytopythium	Phytopythium citrinum	ADC9519	HQ643376.1
Phytopythium	Phytopythium citrinum	CBS119171	HQ643375.2
Phytopythium	Phytopythium helicoides	ADC9423	HQ643384.1
Phytopythium	Phytopythium helicoides	CBS16768	HQ643382.1
Phytopythium	Phytopythium helicoides	CBS28631	HQ643383.1
Phytopythium	Phytopythium kandeliae	CBS11191	HQ643134.1
Phytopythium	Phytopythium kandeliae	CBS11391	HQ643133.1
Phytopythium	Phytopythium litorale	BR896	HQ643387.1
Phytopythium	Phytopythium litorale	CBS118360	HQ643386.2
Phytopythium	Phytopythium litorale	CBS122662	HQ643385.1
Phytopythium	Phytopythium megacarpum	CBS112351	HQ643388.2
Phytopythium	Phytopythium montanum	ADC9762	HQ643391.1
Phytopythium	Phytopythium montanum	ADC9766	HQ643390.1
Phytopythium	Phytopythium montanum	CBS111349	HQ643389.2
Phytopythium	Phytopythium oedochilum	CBS29237	HQ643392.1
Phytopythium	Phytopythium oedochilum	CBS73894	HQ643394.1
Phytopythium	Phytopythium oedochilum	CBS73994	HQ643393.1
Phytopythium	Phytopythium ostracodes	CBS76873	HQ643395.1
Phytopythium	Phytopythium sindhum	DAOM238986	HQ643396.2
Phytopythium	Phytopythium sp. AL-2010	CBS45562	HQ643401.1
Phytopythium	Phytopythium sp. AL-2010	P3980	HQ261730.1
Phytopythium	Phytopythium sp. CAL-2011b	ADC0004	HQ643399.1
Phytopythium	Phytopythium sp. CAL-2011b	ADC9517	HQ643398.1
Phytopythium	Phytopythium sp. CAL-2011b	ADC9520	HQ643397.1
Phytopythium	Phytopythium vexans	CBS11980	HQ643400.2
Plasmopara	Plasmopara euphrasiae	M. Zamfir s.n. (WU) [isolate 2226]	EF553509.1
Plasmopara	Plasmopara nivea	-	HM004513.1
Plasmopara	Plasmopara pusilla	-	HM004512.1
Plasmoverna	Plasmoverna anemones-ranunculoides	-	HM004511.1
Plectospira	Plectospira myriandra	CBS52387	HQ643402.1
Protoachlya	Protoachlya paradoxa	CBS10044	HQ643404.1
Protoachlya	Protoachlya paradoxa	CBS15845	HQ643403.1
Pseudoperonospora	Pseudoperonospora cubensis	HV 222	AY198306.3
Pythiogeton	Pythiogeton zeae	Lev3132	HQ643405.1
Pythiopsis	Pythiopsis terrestris	CBS110058	HQ643407.1
Pythiopsis	Pythiopsis terrestris	CBS110059	HQ643406.1
Pythium	Pythium abappressorium	CBS110198	HQ643408.2
Pythium	Pythium acanthicum	BR0500	HQ643412.1
Pythium	Pythium acanthicum	BR228	HQ643411.1
Pythium	Pythium acanthicum	CBS37734	HQ643409.1
Pythium	Pythium acanthicum	Lev1618	HQ643410.1
Pythium	Pythium acanthophoron	CBS33729	HQ643413.1
Pythium	Pythium acrogynum	CBS54988	HQ643414.1
Pythium	Pythium adhaerens	CBS52074	HQ643415.1
Pythium	Pythium afertile	Lev2066	HQ643416.1
Pythium	Pythium aff. diclinum	CBS22994	HQ643417.1
Pythium	Pythium aff. dictyosporum	ADC0113	HQ643419.1
Pythium	Pythium aff. dictyosporum	ADC0116	HQ643418.1
Pythium	Pythium aff. dissotocum	BR725	HQ643423.1
Pythium	Pythium aff. dissotocum	BR726	HQ643422.1
Pythium	Pythium aff. dissotocum	BR907	HQ643420.1
Pythium	Pythium aff. dissotocum	BR992	HQ643421.1
Pythium	Pythium aff. hydnosporum	BR978	HQ643424.1
Pythium	Pythium aff. hypogynum	BR116	HQ643425.1
Pythium	Pythium aff. iwayamai	DAOM229147	HQ643786.1
Pythium	Pythium aff. periilum	CBS23783	HQ643426.1
Pythium	Pythium aff. perplexum	BR925	HQ643427.1
Pythium	Pythium aff. pleroticum	ADC9912	HQ643428.1
Pythium	Pythium aff. polymastum	ADC9817	HQ643429.1
Pythium	Pythium aff. torulosum	BR626	HQ643432.1
Pythium	Pythium aff. torulosum	BR780	HQ643431.1
Pythium	Pythium aff. torulosum	BR897	HQ643430.1
Pythium	Pythium aff. volutum	BR974	HQ643433.1
Pythium	Pythium amasculinum	CBS55288	HQ643434.1
Pythium	Pythium anandrum	CBS28531	HQ643435.1
Pythium	Pythium anandrum	Lev2116	HQ643436.1
Pythium	Pythium angustatum	CBS52274	HQ643437.1
Pythium	Pythium aphanidermatum	-	AF271227.1
Pythium	Pythium aphanidermatum	CBS11880	HQ643438.1
Pythium	Pythium aphanidermatum	CBS28779	HQ643439.1
Pythium	Pythium aphanidermatum	Lev1800	HQ643442.1
Pythium	Pythium aphanidermatum	Lev2150	HQ643441.1
Pythium	Pythium aphanidermatum	Lev3014	HQ643440.1
Pythium	Pythium apiculatum	CBS120945	HQ643443.2
Pythium	Pythium apleroticum	CBS77281	HQ643444.1
Pythium	Pythium aquatile	BR654	HQ643446.1
Pythium	Pythium aquatile	CBS21580	HQ643445.1
Pythium	Pythium aristosporum	BR166	HQ643448.1
Pythium	Pythium aristosporum	CBS26338	HQ643447.1
Pythium	Pythium arrhenomanes	BR1028	HQ643472.1
Pythium	Pythium arrhenomanes	BR122	HQ643471.1
Pythium	Pythium arrhenomanes	BR140	HQ643470.1
Pythium	Pythium arrhenomanes	BR155	HQ643469.1
Pythium	Pythium arrhenomanes	BR605	HQ643468.1
Pythium	Pythium arrhenomanes	BR606	HQ643467.1
Pythium	Pythium arrhenomanes	BR615	HQ643466.1
Pythium	Pythium arrhenomanes	BR618	HQ643465.1
Pythium	Pythium arrhenomanes	BR619	HQ643464.1
Pythium	Pythium arrhenomanes	BR625	HQ643463.1
Pythium	Pythium arrhenomanes	BR667	HQ643462.1
Pythium	Pythium arrhenomanes	BR712	HQ643461.1
Pythium	Pythium arrhenomanes	BR729	HQ643460.1
Pythium	Pythium arrhenomanes	BR817	HQ643459.1
Pythium	Pythium arrhenomanes	BR889	HQ643449.1
Pythium	Pythium arrhenomanes	BR975	HQ643458.1
Pythium	Pythium arrhenomanes	BR980	HQ643457.1
Pythium	Pythium arrhenomanes	BR981	HQ643456.1
Pythium	Pythium arrhenomanes	BR982	HQ643455.1
Pythium	Pythium arrhenomanes	BR983	HQ643454.1
Pythium	Pythium arrhenomanes	BR985	HQ643453.1
Pythium	Pythium arrhenomanes	CBS32462	HQ643452.1
Pythium	Pythium arrhenomanes	Lev1538	HQ643451.1
Pythium	Pythium arrhenomanes	Lev1728	HQ643450.1
Pythium	Pythium attrantheridium	DAOM230383	HQ643477.1
Pythium	Pythium attrantheridium	DAOM230386	HQ643476.2
Pythium	Pythium attrantheridium	DAOM230387	HQ643475.1
Pythium	Pythium attrantheridium	DAOM230388	HQ643474.1
Pythium	Pythium attrantheridium	Lev3004	HQ643473.1
Pythium	Pythium buismaniae	CBS28831	HQ643479.1
Pythium	Pythium camurandrum 	DAOM BR876	GQ244426.2
Pythium	Pythium camurandrum	ADC9902	HQ643481.1
Pythium	Pythium canariense	CBS112353	HQ643482.1
Pythium	Pythium capillosum	CBS22294	HQ643483.1
Pythium	Pythium carolinianum	BR161	HQ643488.1
Pythium	Pythium carolinianum	BR786	HQ643487.1
Pythium	Pythium carolinianum	BR803	HQ643486.1
Pythium	Pythium carolinianum	CBS122658	HQ643485.1
Pythium	Pythium carolinianum	CBS122659	HQ643484.1
Pythium	Pythium carolinianum	P19301	HQ261731.1
Pythium	Pythium catenulatum	CBS22694	HQ643490.1
Pythium	Pythium catenulatum	CBS46175	HQ643489.1
Pythium	Pythium catenulatum	CBS84268	HQ643494.1
Pythium	Pythium catenulatum	Lev1524	HQ643493.1
Pythium	Pythium catenulatum	Lev1532	HQ643492.1
Pythium	Pythium catenulatum	Lev1533	HQ643491.1
Pythium	Pythium cf. dictyosporum	ADC0114	HQ643495.1
Pythium	Pythium chondricola	CBS20385	HQ643498.1
Pythium	Pythium chondricola	CBS20685	HQ643497.1
Pythium	Pythium chondricola	CBS20785	HQ643496.1
Pythium	Pythium chondricola	CBS31293	HQ643499.1
Pythium	Pythium coloratum	BR1063	HQ643507.1
Pythium	Pythium coloratum	BR176	HQ643506.1
Pythium	Pythium coloratum	BR323	HQ643505.1
Pythium	Pythium coloratum	BR621	HQ643504.1
Pythium	Pythium coloratum	BR677	HQ643503.1
Pythium	Pythium coloratum	BR678	HQ643502.1
Pythium	Pythium coloratum	BR908	HQ643500.1
Pythium	Pythium coloratum	CBS15464	HQ643501.1
Pythium	Pythium conidiophorum	BR160	HQ643513.1
Pythium	Pythium conidiophorum	BR260	HQ643512.1
Pythium	Pythium conidiophorum	CBS22388	HQ643509.1
Pythium	Pythium conidiophorum	CBS22488	HQ643508.1
Pythium	Pythium conidiophorum	Lev1465	HQ643511.1
Pythium	Pythium conidiophorum	Lev1624	HQ643510.1
Pythium	Pythium contiguanum	CBS22194	HQ643514.1
Pythium	Pythium cryptoirregulare	CBS118731	HQ643515.2
Pythium	Pythium cucurbitacearum	CBS74896	HQ643381.1
Pythium	Pythium cylindrosporum	CBS21894	HQ643516.1
Pythium	Pythium cylindrosporum	DAOM232335	HQ643517.1
Pythium	Pythium cystogenes	CBS67585	HQ643518.2
Pythium	Pythium debaryanum	CBS75296	HQ643519.1
Pythium	Pythium deliense	CBS11484	HQ643520.1
Pythium	Pythium deliense	CBS31433	HQ643522.1
Pythium	Pythium deliense	Lev2095	HQ643521.1
Pythium	Pythium diclinum	CBS52674	HQ643523.1
Pythium	Pythium diclinum	CBS66479	HQ643524.1
Pythium	Pythium dimorphum	CBS40672	HQ643525.1
Pythium	Pythium dissimile	CBS15564	HQ643526.1
Pythium	Pythium dissimile	CBS52374	HQ643527.1
Pythium	Pythium dissotocum		AF271228.1
Pythium	Pythium dissotocum	BR127	HQ643530.1
Pythium	Pythium dissotocum	CBS16668	HQ643528.1
Pythium	Pythium dissotocum	DAOM229134	HQ643529.1
Pythium	Pythium echinulatum	CBS28164	HQ643531.1
Pythium	Pythium emineosum	DAOM BR479	GQ244427.2
Pythium	Pythium emineosum	DAOM BR836	GQ244428.2
Pythium	Pythium erinaceum	CBS50580	HQ643534.1
Pythium	Pythium erinaceum	Lev1620	HQ643535.1
Pythium	Pythium flevoense	CBS23372	HQ643539.1
Pythium	Pythium flevoense	CBS23472	HQ643538.1
Pythium	Pythium flevoense	CBS23672	HQ643537.1
Pythium	Pythium flevoense	CBS27881	HQ643536.1
Pythium	Pythium folliculosum	CBS22094	HQ643540.1
Pythium	Pythium glomeratum	CBS119165	HQ643544.1
Pythium	Pythium glomeratum	CBS120914	HQ643543.2
Pythium	Pythium glomeratum	CBS122644	HQ643542.1
Pythium	Pythium glomeratum	CBS122651	HQ643541.1
Pythium	Pythium graminicola	-	AF271229.1
Pythium	Pythium graminicola	CBS32762	HQ643545.1
Pythium	Pythium grandisporangium	CBS28679	HQ643546.1
Pythium	Pythium helicandrum	CBS39354	HQ643548.1
Pythium	Pythium helicandrum	CBS52774	HQ643547.1
Pythium	Pythium helicandrum	CBS69479	HQ643550.1
Pythium	Pythium helicandrum	CBS84468	HQ643549.1
Pythium	Pythium heterothallicum	ADC9868	HQ643563.1
Pythium	Pythium heterothallicum	BR440	HQ643562.1
Pythium	Pythium heterothallicum	BR749	HQ643561.1
Pythium	Pythium heterothallicum	BR806	HQ643560.1
Pythium	Pythium heterothallicum	BR828	HQ643559.1
Pythium	Pythium heterothallicum	CBS122655	HQ643552.1
Pythium	Pythium heterothallicum	CBS122656	HQ643551.1
Pythium	Pythium heterothallicum	CBS45067	HQ643553.1
Pythium	Pythium heterothallicum	DAOM229136	HQ643558.1
Pythium	Pythium heterothallicum	DAOM229137	HQ643557.1
Pythium	Pythium heterothallicum	DAOM229138	HQ643556.1
Pythium	Pythium heterothallicum	DAOM229140	HQ643555.1
Pythium	Pythium heterothallicum	Lev1590	HQ643554.1
Pythium	Pythium hydnosporum	CBS25360	HQ643564.1
Pythium	Pythium hypogynum	CBS23494	HQ643565.1
Pythium	Pythium inflatum	CBS16868	HQ643566.1
Pythium	Pythium insidiosum	CBS57485	HQ643570.1
Pythium	Pythium insidiosum	CBS57785	HQ643569.1
Pythium	Pythium insidiosum	CBS57885	HQ643568.1
Pythium	Pythium insidiosum	CBS58085	HQ643567.1
Pythium	Pythium intermedium	BR1042	HQ643579.1
Pythium	Pythium intermedium	BR128	HQ643578.1
Pythium	Pythium intermedium	BR339	HQ643577.1
Pythium	Pythium intermedium	BR485	HQ643576.1
Pythium	Pythium intermedium	BR707	HQ643575.1
Pythium	Pythium intermedium	BR734	HQ643574.1
Pythium	Pythium intermedium	BR869	HQ643573.1
Pythium	Pythium intermedium	BR924	HQ643571.1
Pythium	Pythium intermedium	CBS26638	HQ643572.1
Pythium	Pythium irregulare	-	AF271226.1
Pythium	Pythium irregulare	ADC0838	HQ643668.1
Pythium	Pythium irregulare	BR1000	HQ643667.1
Pythium	Pythium irregulare	BR1001	HQ643666.1
Pythium	Pythium irregulare	BR1002	HQ643665.1
Pythium	Pythium irregulare	BR1003	HQ643664.1
Pythium	Pythium irregulare	BR1004	HQ643663.1
Pythium	Pythium irregulare	BR1005	HQ643662.1
Pythium	Pythium irregulare	BR1006	HQ643661.1
Pythium	Pythium irregulare	BR1008	HQ643660.1
Pythium	Pythium irregulare	BR1009	HQ643659.1
Pythium	Pythium irregulare	BR1013	HQ643658.1
Pythium	Pythium irregulare	BR1014	HQ643657.1
Pythium	Pythium irregulare	BR1015	HQ643656.1
Pythium	Pythium irregulare	BR1016	HQ643655.1
Pythium	Pythium irregulare	BR1017	HQ643654.1
Pythium	Pythium irregulare	BR1018	HQ643653.1
Pythium	Pythium irregulare	BR1019	HQ643652.1
Pythium	Pythium irregulare	BR1021	HQ643651.1
Pythium	Pythium irregulare	BR1022	HQ643650.1
Pythium	Pythium irregulare	BR1039	HQ643649.1
Pythium	Pythium irregulare	BR1040	HQ643648.1
Pythium	Pythium irregulare	BR1051	HQ643647.1
Pythium	Pythium irregulare	BR1052	HQ643646.1
Pythium	Pythium irregulare	BR1068	HQ643645.1
Pythium	Pythium irregulare	BR387	HQ643644.1
Pythium	Pythium irregulare	BR469	HQ643643.1
Pythium	Pythium irregulare	BR598	HQ643642.1
Pythium	Pythium irregulare	BR629	HQ643641.1
Pythium	Pythium irregulare	BR630	HQ643640.1
Pythium	Pythium irregulare	BR631	HQ643639.1
Pythium	Pythium irregulare	BR636	HQ643638.1
Pythium	Pythium irregulare	BR642	HQ643637.1
Pythium	Pythium irregulare	BR722	HQ643636.1
Pythium	Pythium irregulare	BR733	HQ643635.1
Pythium	Pythium irregulare	BR772	HQ643634.1
Pythium	Pythium irregulare	BR775	HQ643633.1
Pythium	Pythium irregulare	BR778	HQ643632.1
Pythium	Pythium irregulare	BR802	HQ643631.1
Pythium	Pythium irregulare	BR804	HQ643630.1
Pythium	Pythium irregulare	BR808	HQ643629.1
Pythium	Pythium irregulare	BR811	HQ643628.1
Pythium	Pythium irregulare	BR812	HQ643627.1
Pythium	Pythium irregulare	BR815	HQ643626.1
Pythium	Pythium irregulare	BR818	HQ643625.1
Pythium	Pythium irregulare	BR819	HQ643624.1
Pythium	Pythium irregulare	BR820	HQ643623.1
Pythium	Pythium irregulare	BR821	HQ643622.1
Pythium	Pythium irregulare	BR870	HQ643621.1
Pythium	Pythium irregulare	BR900	HQ643595.1
Pythium	Pythium irregulare	BR909	HQ643594.1
Pythium	Pythium irregulare	BR911	HQ643593.1
Pythium	Pythium irregulare	BR912	HQ643592.1
Pythium	Pythium irregulare	BR914	HQ643591.1
Pythium	Pythium irregulare	BR918	HQ643590.1
Pythium	Pythium irregulare	BR920	HQ643589.1
Pythium	Pythium irregulare	BR921	HQ643588.1
Pythium	Pythium irregulare	BR923	HQ643587.1
Pythium	Pythium irregulare	BR933	HQ643586.1
Pythium	Pythium irregulare	BR934	HQ643585.1
Pythium	Pythium irregulare	BR940	HQ643584.1
Pythium	Pythium irregulare	BR946	HQ643583.1
Pythium	Pythium irregulare	BR947	HQ643582.1
Pythium	Pythium irregulare	BR948	HQ643581.1
Pythium	Pythium irregulare	BR959	HQ643580.1
Pythium	Pythium irregulare	BR960	HQ643620.1
Pythium	Pythium irregulare	BR961	HQ643619.1
Pythium	Pythium irregulare	BR962	HQ643618.1
Pythium	Pythium irregulare	BR963	HQ643617.1
Pythium	Pythium irregulare	BR964	HQ643616.1
Pythium	Pythium irregulare	BR965	HQ643615.1
Pythium	Pythium irregulare	BR966	HQ643614.1
Pythium	Pythium irregulare	BR967	HQ643613.1
Pythium	Pythium irregulare	BR969	HQ643612.1
Pythium	Pythium irregulare	BR970	HQ643611.1
Pythium	Pythium irregulare	BR971	HQ643610.1
Pythium	Pythium irregulare	BR972	HQ643609.1
Pythium	Pythium irregulare	BR979	HQ643608.1
Pythium	Pythium irregulare	BR994	HQ643607.1
Pythium	Pythium irregulare	BR995	HQ643606.1
Pythium	Pythium irregulare	BR996	HQ643605.1
Pythium	Pythium irregulare	BR997	HQ643604.1
Pythium	Pythium irregulare	BR999	HQ643603.1
Pythium	Pythium irregulare	CBS25028	HQ643596.1
Pythium	Pythium irregulare	CBS74996	HQ643602.1
Pythium	Pythium irregulare	DAOM232336	HQ643601.1
Pythium	Pythium irregulare	Lev1680	HQ643600.1
Pythium	Pythium irregulare	Lev2120	HQ643599.1
Pythium	Pythium irregulare	Lev2151	HQ643598.1
Pythium	Pythium irregulare	Lev3105	HQ643597.1
Pythium	Pythium iwayamai	CBS15664	HQ643669.1
Pythium	Pythium jasmonium	DAOM229150	HQ643670.1
Pythium	Pythium kashmirense	ADC0819	HQ643671.2
Pythium	Pythium kunmingense	CBS55088	HQ643672.1
Pythium	Pythium litorale	Lev3002	HQ643677.1
Pythium	Pythium litorale	Lev3006	HQ643676.1
Pythium	Pythium litorale	Lev3011	HQ643675.1
Pythium	Pythium litorale	Lev3012	HQ643674.1
Pythium	Pythium litorale	Lev3013	HQ643673.1
Pythium	Pythium longandrum	CBS112355	HQ643679.1
Pythium	Pythium longandrum	CBS122660	HQ643678.1
Pythium	Pythium longisporangium	CBS122646	HQ643680.1
Pythium	Pythium lucens	CBS113342	HQ643681.2
Pythium	Pythium lutarium	CBS22288	HQ643682.1
Pythium	Pythium lycopersicum	ADC0821	HQ643683.1
Pythium	Pythium macrosporum	ADC0029	HQ643686.1
Pythium	Pythium macrosporum	BR1029	HQ643685.1
Pythium	Pythium macrosporum	CBS57480	HQ643684.1
Pythium	Pythium mamillatum	BR648	HQ643689.1
Pythium	Pythium mamillatum	BR765	HQ643688.1
Pythium	Pythium mamillatum	CBS25128	HQ643687.1
Pythium	Pythium marsipium	CBS77381	HQ643690.1
Pythium	Pythium mastophorum	ADC0158	HQ643692.1
Pythium	Pythium mastophorum	CBS37572	HQ643691.1
Pythium	Pythium megalacanthum	DAOM229154	HQ643693.1
Pythium	Pythium middletonii	CBS52874	HQ643694.1
Pythium	Pythium minus	CBS122657	HQ643695.1
Pythium	Pythium minus	CBS22688	HQ643696.1
Pythium	Pythium monospermum	BR1031	HQ643699.1
Pythium	Pythium monospermum	BR1032	HQ643698.1
Pythium	Pythium monospermum	CBS15873	HQ643697.2
Pythium	Pythium multisporum	CBS47050	HQ643700.1
Pythium	Pythium myriotylum	CBS25470	HQ643701.1
Pythium	Pythium myriotylum	CBS69579	HQ643704.1
Pythium	Pythium myriotylum	Lev1529	HQ643703.1
Pythium	Pythium myriotylum	Lev1737	HQ643702.1
Pythium	Pythium nagaii	BR602	HQ643707.1
Pythium	Pythium nagaii	BR646	HQ643706.1
Pythium	Pythium nagaii	CBS77996	HQ643705.1
Pythium	Pythium nodosum	CBS102274	HQ643709.1
Pythium	Pythium nodosum	CBS122661	HQ643708.1
Pythium	Pythium nunn	CBS80896	HQ643711.1
Pythium	Pythium nunn	Lev2098	HQ643710.1
Pythium	Pythium oedichilum	DAOM229148	HQ643712.1
Pythium	Pythium okanoganense	CBS31581	HQ643714.1
Pythium	Pythium okanoganense	CBS70183	HQ643713.1
Pythium	Pythium oligandrum	BR252	HQ643716.1
Pythium	Pythium oligandrum	CBS38234	HQ643715.1
Pythium	Pythium oopapillum	DAOM BR180	FJ655176.2
Pythium	Pythium oopapillum	DAOM BR632	FJ655174.2
Pythium	Pythium oopapillum 	DAOM BR641	FJ655175.2
Pythium	Pythium oopapillum	Lev1619	HQ643717.1
Pythium	Pythium ornacarpum	CBS112350	HQ643721.2
Pythium	Pythium ornamentatum	CBS122665	HQ643722.1
Pythium	Pythium orthogonon	CBS37672	HQ643723.1
Pythium	Pythium pachycaule	BR679	HQ643727.1
Pythium	Pythium pachycaule	CBS22494	HQ643726.1
Pythium	Pythium pachycaule	CBS22594	HQ643725.1
Pythium	Pythium pachycaule	CBS22788	HQ643724.1
Pythium	Pythium paddicum	CBS69883	HQ643728.1
Pythium	Pythium paroecandrum	ADC9909	HQ643737.1
Pythium	Pythium paroecandrum	ADC9910	HQ643736.1
Pythium	Pythium paroecandrum	BR601	HQ643735.1
Pythium	Pythium paroecandrum	BR773	HQ643734.1
Pythium	Pythium paroecandrum	BR774	HQ643733.1
Pythium	Pythium paroecandrum	BR807	HQ643732.1
Pythium	Pythium paroecandrum	BR929	HQ643730.1
Pythium	Pythium paroecandrum	CBS15764	HQ643731.1
Pythium	Pythium parvum	CBS22588	HQ643738.1
Pythium	Pythium pectinolyticum	CBS122643	HQ643739.2
Pythium	Pythium periilum	CBS16968	HQ643740.1
Pythium	Pythium periplocum	CBS122664	HQ643742.1
Pythium	Pythium periplocum	CBS17068	HQ643741.1
Pythium	Pythium periplocum	CBS28931	HQ643743.1
Pythium	Pythium perplexum	BR984	HQ643745.1
Pythium	Pythium perplexum	CBS67485	HQ643744.1
Pythium	Pythium phragmitis	CBS117104	HQ643746.1
Pythium	Pythium pleroticum	CBS77681	HQ643748.1
Pythium	Pythium pleroticum	Lev2114	HQ643747.1
Pythium	Pythium plurisporium	ADC9824	HQ643750.1
Pythium	Pythium plurisporium	CBS100530	HQ643749.1
Pythium	Pythium polymastum	CBS81170	HQ643752.1
Pythium	Pythium polymastum	Lev1630	HQ643751.1
Pythium	Pythium porphyrae	CBS36979	HQ643753.1
Pythium	Pythium prolatum	CBS84568	HQ643754.1
Pythium	Pythium pyrilobum	CBS15864	HQ643755.1
Pythium	Pythium radiosum	CBS21794	HQ643756.1
Pythium	Pythium rhizo-oryzae	CBS119169	HQ643757.2
Pythium	Pythium rhizosaccharum	CBS112356	HQ643760.1
Pythium	Pythium rhizosaccharum	CBS122652	HQ643759.1
Pythium	Pythium rhizosaccharum	CBS122654	HQ643758.1
Pythium	Pythium rostratifingens	BR1061	HQ643765.1
Pythium	Pythium rostratifingens	BR197	HQ643766.1
Pythium	Pythium rostratifingens	BR627	HQ643764.1
Pythium	Pythium rostratifingens	CBS115464	HQ643761.2
Pythium	Pythium rostratifingens	CBS38334	HQ643762.1
Pythium	Pythium rostratifingens	Lev3023	HQ643763.1
Pythium	Pythium rostratum	CBS53374	HQ643767.1
Pythium	Pythium salpingophorum	BR1024	HQ643770.1
Pythium	Pythium salpingophorum	BR750	HQ643769.1
Pythium	Pythium salpingophorum	CBS47150	HQ643768.1
Pythium	Pythium scleroteichum	CBS29437	HQ643771.1
Pythium	Pythium segnitium	CBS112354	HQ643772.2
Pythium	Pythium senticosum	CBS122490	HQ643773.2
Pythium	Pythium sp. AL-2010	P16024	HQ261740.1
Pythium	Pythium sp. AL-2010	P19400	HQ261739.1
Pythium	Pythium sp. AL-2010	P19448	HQ261738.1
Pythium	Pythium sp. AL-2010	P19510	HQ261737.1
Pythium	Pythium sp. AL-2010	P8201	HQ261736.1
Pythium	Pythium sp. AL-2010	P8204	HQ261735.1
Pythium	Pythium sp. AL-2010	P8207	HQ261734.1
Pythium	Pythium sp. AL-2010	P8209	HQ261733.1
Pythium	Pythium sp. AL-2010	P8212	HQ261732.1
Pythium	Pythium sp. amazonianum	P8239	HQ261729.1
Pythium	Pythium sp. amazonianum	P8242	HQ261728.1
Pythium	Pythium sp. amazonianum	P8243	HQ261727.1
Pythium	Pythium sp. amazonianum	P8246	HQ261726.1
Pythium	Pythium sp. amazonianum	P8247	HQ261725.1
Pythium	Pythium sp. balticum	CBS122649	HQ643478.1
Pythium	Pythium sp. CAL_2011f	ADC0013	HQ643835.1
Pythium	Pythium sp. CAL_2011f	ADC0014	HQ643785.1
Pythium	Pythium sp. CAL_2011f	ADC0110	HQ643834.1
Pythium	Pythium sp. CAL_2011f	ADC0111	HQ643833.1
Pythium	Pythium sp. CAL_2011f	ADC9407	HQ643832.1
Pythium	Pythium sp. CAL_2011f	ADC9409	HQ643831.1
Pythium	Pythium sp. CAL_2011f	ADC9421	HQ643830.1
Pythium	Pythium sp. CAL_2011f	ADC9425	HQ643784.1
Pythium	Pythium sp. CAL_2011f	ADC9426	HQ643783.1
Pythium	Pythium sp. CAL_2011f	ADC9518	HQ643782.1
Pythium	Pythium sp. CAL_2011f	ADC9759	HQ643829.1
Pythium	Pythium sp. CAL_2011f	ADC9966	HQ643828.1
Pythium	Pythium sp. CAL_2011f	ADC9982	HQ643827.1
Pythium	Pythium sp. CAL_2011f	ADC9989	HQ643781.1
Pythium	Pythium sp. CAL_2011f	BR1033	HQ643809.1
Pythium	Pythium sp. CAL_2011f	BR1034	HQ643808.1
Pythium	Pythium sp. CAL_2011f	BR1041	HQ643780.1
Pythium	Pythium sp. CAL_2011f	BR1044	HQ643779.1
Pythium	Pythium sp. CAL_2011f	BR1047	HQ643807.1
Pythium	Pythium sp. CAL_2011f	BR1062	HQ643806.1
Pythium	Pythium sp. CAL_2011f	BR147	HQ643826.1
Pythium	Pythium sp. CAL_2011f	BR205	HQ643825.1
Pythium	Pythium sp. CAL_2011f	BR574	HQ643824.1
Pythium	Pythium sp. CAL_2011f	BR613	HQ643823.1
Pythium	Pythium sp. CAL_2011f	BR655	HQ643822.1
Pythium	Pythium sp. CAL_2011f	BR688	HQ643821.1
Pythium	Pythium sp. CAL_2011f	BR706	HQ643820.1
Pythium	Pythium sp. CAL_2011f	BR779	HQ643819.1
Pythium	Pythium sp. CAL_2011f	BR798	HQ643818.1
Pythium	Pythium sp. CAL_2011f	BR879	HQ643817.1
Pythium	Pythium sp. CAL_2011f	BR887	HQ643813.1
Pythium	Pythium sp. CAL_2011f	BR901	HQ643812.1
Pythium	Pythium sp. CAL_2011f	BR902	HQ643811.1
Pythium	Pythium sp. CAL_2011f	BR951	HQ643810.1
Pythium	Pythium sp. CAL_2011f	CBS113341	HQ643777.1
Pythium	Pythium sp. CAL_2011f	CBS122647	HQ643774.1
Pythium	Pythium sp. CAL_2011f	CBS22394	HQ643775.1
Pythium	Pythium sp. CAL_2011f	CBS23294	HQ643814.1
Pythium	Pythium sp. CAL_2011f	CBS60781	HQ643816.1
Pythium	Pythium sp. CAL_2011f	CBS63385	HQ643815.1
Pythium	Pythium sp. CAL_2011f	CBS75096	HQ643776.1
Pythium	Pythium sp. CAL_2011f	DAOM 229155	HQ643805.1
Pythium	Pythium sp. CAL_2011f	Lev1457	HQ643804.1
Pythium	Pythium sp. CAL_2011f	Lev1523	HQ643803.1
Pythium	Pythium sp. CAL_2011f	Lev2156	HQ643802.1
Pythium	Pythium sp. CAL_2011f	Lev2168	HQ643801.1
Pythium	Pythium sp. CAL_2011f	Lev3062	HQ643800.1
Pythium	Pythium sp. CAL_2011f	Lev3063	HQ643799.1
Pythium	Pythium sp. CAL_2011f	Lev3106	HQ643798.1
Pythium	Pythium sp. CAL-2011e	CBS122648	HQ643729.1
Pythium	Pythium sp. CAL-2011f	CBS101876	HQ643778.2
Pythium	Pythium sp. group F	BR710	HQ643789.1
Pythium	Pythium sp. group F	BR739	HQ643788.1
Pythium	Pythium sp. group F	BR777	HQ643787.1
Pythium	Pythium spiculum	CBS122645	HQ643790.1
Pythium	Pythium spinosum	CBS122663	HQ643791.1
Pythium	Pythium spinosum	CBS27567	HQ643793.1
Pythium	Pythium spinosum	CBS27667	HQ643792.1
Pythium	Pythium spinosum	Lev1526	HQ643794.1
Pythium	Pythium splendens	BR788	HQ643797.1
Pythium	Pythium splendens	CBS46248	HQ643795.1
Pythium	Pythium splendens	Lev1497	HQ643796.1
Pythium	Pythium sukuiense	CBS110030	HQ643836.1
Pythium	Pythium sulcatum	BR113	HQ643843.1
Pythium	Pythium sulcatum	BR146	HQ643842.1
Pythium	Pythium sulcatum	BR652	HQ643841.1
Pythium	Pythium sulcatum	BR653	HQ643844.1
Pythium	Pythium sulcatum	BR708	HQ643840.1
Pythium	Pythium sulcatum	BR709	HQ643839.1
Pythium	Pythium sulcatum	CBS60373	HQ643837.1
Pythium	Pythium sulcatum	Lev3111	HQ643838.1
Pythium	Pythium sylvaticum	BR1045	HQ643852.1
Pythium	Pythium sylvaticum	BR1069	HQ643851.1
Pythium	Pythium sylvaticum	BR171	HQ643850.1
Pythium	Pythium sylvaticum	BR179	HQ643849.1
Pythium	Pythium sylvaticum	BR599	HQ643848.1
Pythium	Pythium sylvaticum	BR647	HQ643847.1
Pythium	Pythium sylvaticum	CBS45367	HQ643845.1
Pythium	Pythium sylvaticum	Lev1544	HQ643846.1
Pythium	Pythium sylvaticum	P15580	HQ261741.1
Pythium	Pythium takayamanum	CBS122491	HQ643854.2
Pythium	Pythium takayamanum	CBS122492	HQ643853.1
Pythium	Pythium tardicrescens	Lev1534	HQ643855.1
Pythium	Pythium terrestris	ADC9906	HQ643858.1
Pythium	Pythium terrestris	BR922	HQ643856.1
Pythium	Pythium terrestris	CBS112352	HQ643857.1
Pythium	Pythium torulosum	CBS31633	HQ643859.1
Pythium	Pythium tracheiphilum	BR659	HQ643863.1
Pythium	Pythium tracheiphilum	BR931	HQ643861.1
Pythium	Pythium tracheiphilum	BR932	HQ643860.1
Pythium	Pythium tracheiphilum	CBS32365	HQ643862.1
Pythium	Pythium ultimum	-	AF271225.1
Pythium	Pythium ultimum var. sporangiiferum	BR651	HQ643880.1
Pythium	Pythium ultimum var. sporangiiferum	CBS21965	HQ643879.1
Pythium	Pythium ultimum var. ultimum	BR144	HQ643943.1
Pythium	Pythium ultimum var. ultimum	BR229	HQ643942.1
Pythium	Pythium ultimum var. ultimum	BR319	HQ643941.1
Pythium	Pythium ultimum var. ultimum	BR511	HQ643940.1
Pythium	Pythium ultimum var. ultimum	BR583	HQ643939.1
Pythium	Pythium ultimum var. ultimum	BR600	HQ643938.1
Pythium	Pythium ultimum var. ultimum	BR612	HQ643937.1
Pythium	Pythium ultimum var. ultimum	BR628	HQ643936.1
Pythium	Pythium ultimum var. ultimum	BR640	HQ643935.1
Pythium	Pythium ultimum var. ultimum	BR656	HQ643934.1
Pythium	Pythium ultimum var. ultimum	BR657	HQ643933.1
Pythium	Pythium ultimum var. ultimum	BR658	HQ643932.1
Pythium	Pythium ultimum var. ultimum	BR718	HQ643931.1
Pythium	Pythium ultimum var. ultimum	BR736	HQ643930.1
Pythium	Pythium ultimum var. ultimum	BR737	HQ643929.1
Pythium	Pythium ultimum var. ultimum	BR738	HQ643928.1
Pythium	Pythium ultimum var. ultimum	BR745	HQ643927.1
Pythium	Pythium ultimum var. ultimum	BR747	HQ643926.1
Pythium	Pythium ultimum var. ultimum	BR748	HQ643925.1
Pythium	Pythium ultimum var. ultimum	BR754	HQ643924.1
Pythium	Pythium ultimum var. ultimum	BR755	HQ643923.1
Pythium	Pythium ultimum var. ultimum	BR759	HQ643922.1
Pythium	Pythium ultimum var. ultimum	BR760	HQ643921.1
Pythium	Pythium ultimum var. ultimum	BR763	HQ643920.1
Pythium	Pythium ultimum var. ultimum	BR768	HQ643919.1
Pythium	Pythium ultimum var. ultimum	BR776	HQ643918.1
Pythium	Pythium ultimum var. ultimum	BR781	HQ643917.1
Pythium	Pythium ultimum var. ultimum	BR783	HQ643916.1
Pythium	Pythium ultimum var. ultimum	BR784	HQ643915.1
Pythium	Pythium ultimum var. ultimum	BR792	HQ643914.1
Pythium	Pythium ultimum var. ultimum	BR793	HQ643913.1
Pythium	Pythium ultimum var. ultimum	BR810	HQ643912.1
Pythium	Pythium ultimum var. ultimum	BR813	HQ643911.1
Pythium	Pythium ultimum var. ultimum	BR814	HQ643910.1
Pythium	Pythium ultimum var. ultimum	BR816	HQ643909.1
Pythium	Pythium ultimum var. ultimum	BR822	HQ643908.1
Pythium	Pythium ultimum var. ultimum	BR823	HQ643907.1
Pythium	Pythium ultimum var. ultimum	BR824	HQ643906.1
Pythium	Pythium ultimum var. ultimum	BR825	HQ643905.1
Pythium	Pythium ultimum var. ultimum	BR826	HQ643904.1
Pythium	Pythium ultimum var. ultimum	BR827	HQ643903.1
Pythium	Pythium ultimum var. ultimum	BR833	HQ643902.1
Pythium	Pythium ultimum var. ultimum	BR835	HQ643901.1
Pythium	Pythium ultimum var. ultimum	BR841	HQ643900.1
Pythium	Pythium ultimum var. ultimum	BR842	HQ643899.1
Pythium	Pythium ultimum var. ultimum	BR843	HQ643898.1
Pythium	Pythium ultimum var. ultimum	BR844	HQ643897.1
Pythium	Pythium ultimum var. ultimum	BR845	HQ643896.1
Pythium	Pythium ultimum var. ultimum	BR847	HQ643895.1
Pythium	Pythium ultimum var. ultimum	BR848	HQ643894.1
Pythium	Pythium ultimum var. ultimum	BR849	HQ643893.1
Pythium	Pythium ultimum var. ultimum	BR850	HQ643892.1
Pythium	Pythium ultimum var. ultimum	BR851	HQ643891.1
Pythium	Pythium ultimum var. ultimum	BR854	HQ643890.1
Pythium	Pythium ultimum var. ultimum	BR858	HQ643889.1
Pythium	Pythium ultimum var. ultimum	BR861	HQ643888.1
Pythium	Pythium ultimum var. ultimum	BR863	HQ643887.1
Pythium	Pythium ultimum var. ultimum	BR864	HQ643886.1
Pythium	Pythium ultimum var. ultimum	BR867	HQ643885.1
Pythium	Pythium ultimum var. ultimum	BR930	HQ643882.1
Pythium	Pythium ultimum var. ultimum	BR944	HQ643881.1
Pythium	Pythium ultimum var. ultimum	BR987	HQ643884.1
Pythium	Pythium ultimum var. ultimum	BR988	HQ643883.1
Pythium	Pythium ultimum	ADC9967	HQ643878.1
Pythium	Pythium ultimum	BR1036	HQ643877.1
Pythium	Pythium ultimum	BR1037	HQ643876.1
Pythium	Pythium ultimum	BR1038	HQ643875.1
Pythium	Pythium ultimum	BR1054	HQ643874.1
Pythium	Pythium ultimum	BR1060	HQ643873.1
Pythium	Pythium ultimum	BR1064	HQ643872.1
Pythium	Pythium ultimum	BR1065	HQ643871.1
Pythium	Pythium ultimum	BR1089	HQ643870.1
Pythium	Pythium ultimum	CBS122650	HQ643864.1
Pythium	Pythium ultimum	CBS39851	HQ643865.1
Pythium	Pythium ultimum	CBS72994	HQ643869.1
Pythium	Pythium ultimum	DAOM232337	HQ643868.1
Pythium	Pythium ultimum	Lev1441	HQ643867.1
Pythium	Pythium ultimum	Lev1442	HQ643866.1
Pythium	Pythium uncinulatum	ADC0108	HQ643945.1
Pythium	Pythium uncinulatum	CBS51877	HQ643944.1
Pythium	Pythium undulatum	-	AF271230.1
Pythium	Pythium undulatum	ADC9929	HQ643949.1
Pythium	Pythium undulatum	CBS15769	HQ643946.1
Pythium	Pythium undulatum	CBS32347	HQ643948.1
Pythium	Pythium undulatum	Lev1232	HQ643947.1
Pythium	Pythium vanterpoolii	CBS11577	HQ643950.1
Pythium	Pythium vanterpoolii	CBS29537	HQ643952.1
Pythium	Pythium vanterpoolii	CBS43191	HQ643951.1
Pythium	Pythium vanterpoolii	Lev1536	HQ643953.1
Pythium	Pythium vexans	-	AF271224.1
Pythium	Pythium vexans	Lev2210	HQ643955.1
Pythium	Pythium vexans	Lev3100	HQ643954.1
Pythium	Pythium viniferum	CBS119168	HQ643956.2
Pythium	Pythium violae	ADC9739	HQ643969.1
Pythium	Pythium violae	ADC9754	HQ643968.1
Pythium	Pythium violae	ADC9923	HQ643967.1
Pythium	Pythium violae	ADC9924	HQ643966.1
Pythium	Pythium violae	ADC9974	HQ643965.1
Pythium	Pythium violae	ADC9975	HQ643964.1
Pythium	Pythium violae	BR322	HQ643963.1
Pythium	Pythium violae	CBS15964	HQ643958.1
Pythium	Pythium violae	CBS17886	HQ643957.1
Pythium	Pythium violae	Lev1518	HQ643962.1
Pythium	Pythium violae	Lev1519	HQ643961.1
Pythium	Pythium violae	Lev1604	HQ643960.1
Pythium	Pythium violae	Lev1605	HQ643959.1
Pythium	Pythium volutum	CBS69983	HQ643971.1
Pythium	Pythium volutum	Lev1528	HQ643970.1
Pythium	Pythium zingiberis	CBS21682	HQ643973.1
Pythium	Pythium zingiberis	CBS21782	HQ643972.1
Salisapilia	Salisapilia tartarea	CBS20895	HQ643135.1
Saprolegnia	Saprolegnia anisospora	CBS110060	HQ643974.1
Saprolegnia	Saprolegnia asterophora	CBS53167	HQ643975.1
Saprolegnia	Saprolegnia delica	CBS34462	HQ643977.1
Saprolegnia	Saprolegnia delica	CBS34562	HQ643976.1
Saprolegnia	Saprolegnia diclina	CBS28238	HQ643979.1
Saprolegnia	Saprolegnia diclina	CBS32635	HQ643980.1
Saprolegnia	Saprolegnia diclina	CBS53667	HQ643978.1
Saprolegnia	Saprolegnia eccentrica	CBS19938	HQ643982.1
Saprolegnia	Saprolegnia eccentrica	CBS21135	HQ643981.1
Saprolegnia	Saprolegnia eccentrica	CBS55167	HQ643983.1
Saprolegnia	Saprolegnia ferax	BR114	HQ643988.1
Saprolegnia	Saprolegnia ferax	CBS17342	HQ643984.1
Saprolegnia	Saprolegnia ferax	CBS28338	HQ643986.1
Saprolegnia	Saprolegnia ferax	CBS30537	HQ643987.1
Saprolegnia	Saprolegnia ferax	CBS53467	HQ643985.1
Saprolegnia	Saprolegnia hypogyna	CBS86972	HQ643989.1
Saprolegnia	Saprolegnia lapponica	CBS28438	HQ643990.1
Saprolegnia	Saprolegnia litoralis	CBS110062	HQ643992.1
Saprolegnia	Saprolegnia litoralis	CBS53567	HQ643991.1
Saprolegnia	Saprolegnia megasperma	CBS53267	HQ643993.1
Saprolegnia	Saprolegnia mixta	CBS14965	HQ643994.1
Saprolegnia	Saprolegnia mixta	CBS30737	HQ643995.1
Saprolegnia	Saprolegnia monilifera	CBS55267	HQ643997.1
Saprolegnia	Saprolegnia monilifera	CBS55867	HQ643996.1
Saprolegnia	Saprolegnia monoica	CBS53967	HQ643999.1
Saprolegnia	Saprolegnia monoica	CBS59967	HQ643998.1
Saprolegnia	Saprolegnia parasitica	CBS113187	HQ644005.1
Saprolegnia	Saprolegnia parasitica	CBS22365	HQ644004.1
Saprolegnia	Saprolegnia parasitica	CBS30032	HQ644003.1
Saprolegnia	Saprolegnia parasitica	CBS30256	HQ644002.1
Saprolegnia	Saprolegnia parasitica	CBS39734	HQ644001.1
Saprolegnia	Saprolegnia parasitica	CBS54067	HQ644000.1
Saprolegnia	Saprolegnia sp. CAL-2011 rodrigueziana	CBS119354	HQ644006.1
Saprolegnia	Saprolegnia sp. CAL-2011b	CBS63285	HQ644007.1
Saprolegnia	Saprolegnia subterranea	CBS113343	HQ644009.1
Saprolegnia	Saprolegnia subterranea	CBS27852	HQ644008.1
Saprolegnia	Saprolegnia terrestris	CBS110063	HQ644011.1
Saprolegnia	Saprolegnia terrestris	CBS53367	HQ644010.1
Saprolegnia	Saprolegnia turfosa	CBS110065	HQ644014.1
Saprolegnia	Saprolegnia turfosa	CBS31381	HQ644013.1
Saprolegnia	Saprolegnia turfosa	CBS32735	HQ644012.1
Saprolegnia	Saprolegnia unispora	CBS110066	HQ644016.1
Saprolegnia	Saprolegnia unispora	CBS21335	HQ644015.1
Thraustotheca	Thraustotheca clavata	CBS34333	HQ644018.1
Thraustotheca	Thraustotheca clavata	CBS55767	HQ644017.1
Thraustotheca	Thraustotheca terrestris	CBS109851	HQ644019.1
